Txn Date,Remarks,Debit,Credit
01/01/23,Myntra Fashion,2554.87,
01/01/23,Meesho Order,1019.63,
02/01/23,Ajio Clothing,3224.87,
04/01/23,Zomato Food Delivery,293.75,
04/01/23,Salary Credit,,104783.94
05/01/23,Swiggy Order,648.36,
05/01/23,Apollo Pharmacy,153.76,
07/01/23,Coffee Shop,385.81,
07/01/23,Travel Booking,19945.24,
08/01/23,Amazon Prime,842.82,
08/01/23,Myntra Fashion,2156.9,
08/01/23,BookMyShow Tickets,576.58,
08/01/23,Jio Recharge,401.84,
08/01/23,Amazon Purchase,2806.18,
08/01/23,Interest Credit,,1682.19
09/01/23,Freelance Payment,,20459.76
09/01/23,Gym Membership,1869.15,
09/01/23,Spa Treatment,2634.12,
10/01/23,BigBasket Groceries,3190.37,
10/01/23,Reliance Fresh,1738.56,
11/01/23,Parking Charges,259.8,
12/01/23,Amazon Prime,241.2,
12/01/23,Newspaper Subscription,190.51,
13/01/23,Petrol / Diesel,637.67,
13/01/23,Spotify Premium,119.0,
13/01/23,Coffee Shop,221.55,
13/01/23,Travel Booking,15199.4,
14/01/23,1mg Medicine Order,499.2,
14/01/23,Airtel Mobile Bill,672.99,
14/01/23,Water Bill,701.57,
14/01/23,Freelance Payment,,26667.74
14/01/23,Hair Salon,376.86,
15/01/23,Gym Membership,640.99,
17/01/23,Gym Membership,1580.53,
17/01/23,Insurance Premium,1473.39,
18/01/23,1mg Medicine Order,459.81,
18/01/23,Cashback Credit,,273.21
19/01/23,Book Purchase,449.3,
20/01/23,Salary Credit,,89659.26
21/01/23,Reliance Fresh,487.84,
21/01/23,Metro Card Recharge,955.75,
21/01/23,Bonus Credit,,5375.05
21/01/23,YouTube Premium,139.0,
22/01/23,Parking Charges,231.78,
22/01/23,Maintenance Charges,607.65,
22/01/23,Airtel Mobile Bill,491.9,
22/01/23,Water Bill,424.42,
22/01/23,Gym Membership,530.1,
23/01/23,Myntra Fashion,770.14,
23/01/23,BookMyShow Tickets,977.85,
23/01/23,Hair Salon,755.76,
24/01/23,Travel Booking,2409.95,
24/01/23,Rental Income,,5575.39
25/01/23,Water Bill,353.93,
25/01/23,Maintenance Charges,1429.32,
25/01/23,Newspaper Subscription,188.6,
26/01/23,Apollo Pharmacy,451.64,
26/01/23,Petrol / Diesel,3912.66,
27/01/23,Water Bill,610.72,
28/01/23,PVR Cinemas,493.85,
28/01/23,BookMyShow Tickets,793.02,
28/01/23,Dividend Credit,,14007.1
29/01/23,1mg Medicine Order,167.39,
29/01/23,More Supermarket,1588.84,
29/01/23,Uber Ride,206.57,
29/01/23,Gaming Recharge,1658.16,
29/01/23,Hair Salon,602.7,
29/01/23,Ajio Clothing,2012.35,
30/01/23,Insurance Premium,1029.74,
31/01/23,Ola Cab,291.4,
01/02/23,Rental Income,,21301.27
01/02/23,Cashback Credit,,901.11
02/02/23,Maintenance Charges,662.29,
03/02/23,Online Course,3918.18,
03/02/23,Refund Credit,,1999.43
03/02/23,BookMyShow Tickets,1284.3,
03/02/23,Flipkart Order,5099.96,
04/02/23,Spa Treatment,636.57,
04/02/23,Rapido Bike Taxi,195.7,
04/02/23,PVR Cinemas,252.39,
04/02/23,Amazon Prime,591.18,
05/02/23,Rental Income,,11104.72
05/02/23,Jio Recharge,397.75,
05/02/23,Gaming Recharge,1120.52,
05/02/23,Bonus Credit,,28893.13
06/02/23,Gym Membership,1246.0,
06/02/23,Hotstar Subscription,342.0,
07/02/23,Spotify Premium,119.0,
07/02/23,Netflix Subscription,375.27,
07/02/23,Metro Card Recharge,696.12,
07/02/23,Water Bill,499.16,
07/02/23,DMart Purchase,337.28,
07/02/23,Salary Credit,,99970.64
08/02/23,Jio Recharge,543.37,
08/02/23,Hotel Stay,7883.64,
09/02/23,School Fees,5996.59,
09/02/23,Insurance Premium,2392.86,
09/02/23,Hair Salon,970.95,
10/02/23,Zomato Food Delivery,702.25,
10/02/23,Apollo Pharmacy,1825.2,
10/02/23,Uber Ride,532.65,
10/02/23,Hotstar Subscription,809.09,
10/02/23,1mg Medicine Order,357.69,
11/02/23,Hotstar Subscription,588.18,
12/02/23,More Supermarket,500.2,
12/02/23,Insurance Premium,3713.7,
14/02/23,Metro Card Recharge,640.85,
14/02/23,UPI Received,,1142.4
15/02/23,Online Course,3230.12,
16/02/23,Hotstar Subscription,659.91,
17/02/23,Zomato Food Delivery,690.22,
17/02/23,1mg Medicine Order,416.52,
17/02/23,YouTube Premium,139.0,
17/02/23,Refund Credit,,3198.98
18/02/23,BigBasket Groceries,3872.58,
19/02/23,House Rent,27891.31,
19/02/23,YouTube Premium,139.0,
21/02/23,House Rent,9508.09,
21/02/23,Flipkart Order,1884.57,
21/02/23,Netflix Subscription,618.37,
21/02/23,ATM Withdrawal,4393.9,
22/02/23,Flipkart Order,1569.48,
23/02/23,ATM Withdrawal,1700.73,
23/02/23,Interest Credit,,2639.01
23/02/23,Electricity Bill,1632.68,
24/02/23,Electricity Bill,3045.02,
24/02/23,Meesho Order,1288.95,
25/02/23,Ola Cab,176.45,
25/02/23,Book Purchase,413.99,
25/02/23,More Supermarket,126.77,
27/02/23,Apollo Pharmacy,1148.65,
27/02/23,House Rent,25575.12,
28/02/23,Ajio Clothing,3276.0,
01/03/23,Amazon Purchase,1286.45,
01/03/23,BookMyShow Tickets,235.47,
02/03/23,Doctor Consultation,1307.74,
03/03/23,Insurance Premium,6301.68,
03/03/23,Meesho Order,881.16,
04/03/23,Refund Credit,,4747.5
04/03/23,House Rent,29262.54,
04/03/23,PVR Cinemas,582.07,
05/03/23,Rental Income,,23512.89
05/03/23,1mg Medicine Order,708.56,
06/03/23,Hotel Stay,6862.88,
07/03/23,Spa Treatment,1598.14,
07/03/23,Interest Credit,,2828.3
07/03/23,Freelance Payment,,26049.92
07/03/23,Freelance Payment,,13512.28
09/03/23,Book Purchase,1477.14,
09/03/23,Refund Credit,,4115.84
10/03/23,Electricity Bill,2443.92,
11/03/23,Rental Income,,6312.76
12/03/23,Bonus Credit,,14957.79
13/03/23,School Fees,8694.61,
13/03/23,Reliance Fresh,1829.21,
14/03/23,Hotel Stay,8497.37,
14/03/23,BigBasket Groceries,2699.77,
14/03/23,YouTube Premium,139.0,
14/03/23,Gaming Recharge,1505.79,
14/03/23,Bonus Credit,,28852.63
16/03/23,Reliance Fresh,1400.19,
16/03/23,1mg Medicine Order,1222.78,
16/03/23,Electricity Bill,4521.78,
16/03/23,DMart Purchase,217.37,
17/03/23,Hotstar Subscription,210.32,
17/03/23,Transfer Received,,40015.97
17/03/23,Rental Income,,11674.19
18/03/23,Myntra Fashion,3717.66,
18/03/23,Flipkart Order,632.63,
18/03/23,Gym Membership,837.47,
18/03/23,House Rent,29806.05,
19/03/23,Interest Credit,,523.38
20/03/23,Water Bill,611.25,
21/03/23,Newspaper Subscription,285.65,
21/03/23,More Supermarket,1466.57,
22/03/23,Zomato Food Delivery,386.3,
22/03/23,House Rent,11436.23,
22/03/23,Reliance Fresh,801.93,
23/03/23,Rapido Bike Taxi,37.12,
23/03/23,Airtel Mobile Bill,577.85,
24/03/23,Maintenance Charges,2584.75,
24/03/23,Cashback Credit,,986.69
24/03/23,Petrol / Diesel,1779.0,
25/03/23,Salary Credit,,63880.85
25/03/23,Ola Cab,389.85,
26/03/23,Rental Income,,18403.01
27/03/23,Gym Membership,2106.4,
27/03/23,Electricity Bill,3523.78,
28/03/23,Myntra Fashion,3596.97,
28/03/23,Hotel Stay,8926.88,
29/03/23,Book Purchase,885.94,
30/03/23,Myntra Fashion,3866.14,
30/03/23,Swiggy Order,528.62,
30/03/23,Salary Credit,,92237.65
30/03/23,UPI Received,,11645.69
31/03/23,Swiggy Order,537.07,
31/03/23,ATM Withdrawal,2870.75,
31/03/23,Uber Ride,190.44,
01/04/23,Meesho Order,470.36,
01/04/23,BookMyShow Tickets,235.12,
02/04/23,Petrol / Diesel,3063.07,
03/04/23,Freelance Payment,,11079.29
05/04/23,Flipkart Order,5183.37,
05/04/23,Rental Income,,6019.28
05/04/23,Flipkart Order,5600.31,
05/04/23,Insurance Premium,2168.79,
05/04/23,Zomato Food Delivery,593.15,
05/04/23,YouTube Premium,139.0,
06/04/23,Maintenance Charges,1825.08,
06/04/23,Flipkart Order,3534.09,
06/04/23,Petrol / Diesel,2316.14,
06/04/23,Hair Salon,573.58,
06/04/23,Water Bill,371.55,
07/04/23,BookMyShow Tickets,1271.26,
08/04/23,Insurance Premium,7834.95,
08/04/23,Parking Charges,240.28,
09/04/23,Apollo Pharmacy,1566.59,
09/04/23,Online Course,4145.04,
09/04/23,Reliance Fresh,403.61,
10/04/23,Netflix Subscription,263.49,
11/04/23,Travel Booking,5464.73,
11/04/23,School Fees,6740.85,
12/04/23,Refund Credit,,2540.4
13/04/23,House Rent,22071.82,
13/04/23,Spotify Premium,119.0,
14/04/23,Restaurant Dinner,2982.01,
14/04/23,Transfer Received,,12259.06
15/04/23,Spa Treatment,789.7,
16/04/23,Cashback Credit,,55.06
17/04/23,Swiggy Order,152.0,
17/04/23,DMart Purchase,831.48,
19/04/23,Doctor Consultation,835.7,
19/04/23,Spa Treatment,2159.93,
19/04/23,Insurance Premium,3357.01,
19/04/23,Amazon Prime,867.89,
20/04/23,Swiggy Order,418.23,
20/04/23,Freelance Payment,,6829.52
20/04/23,School Fees,5429.97,
21/04/23,Gym Membership,952.77,
21/04/23,DMart Purchase,3333.87,
22/04/23,Dividend Credit,,9296.99
22/04/23,UPI Received,,11344.39
23/04/23,Netflix Subscription,185.53,
23/04/23,DMart Purchase,1052.19,
24/04/23,Zomato Food Delivery,841.6,
24/04/23,ATM Withdrawal,2949.08,
24/04/23,Travel Booking,16113.23,
25/04/23,Coffee Shop,445.8,
25/04/23,Book Purchase,661.37,
26/04/23,Dividend Credit,,14926.0
26/04/23,Hotel Stay,3036.2,
26/04/23,Myntra Fashion,829.01,
26/04/23,Gaming Recharge,1514.73,
26/04/23,More Supermarket,284.27,
26/04/23,Maintenance Charges,2437.32,
27/04/23,Dividend Credit,,10127.49
28/04/23,Travel Booking,7947.59,
28/04/23,Hair Salon,1241.06,
28/04/23,Petrol / Diesel,786.31,
28/04/23,Travel Booking,13559.16,
28/04/23,Swiggy Order,410.37,
28/04/23,Amazon Purchase,6855.25,
29/04/23,Electricity Bill,3491.78,
29/04/23,1mg Medicine Order,888.21,
29/04/23,Meesho Order,1895.22,
29/04/23,DMart Purchase,1993.05,
30/04/23,Water Bill,647.7,
30/04/23,Doctor Consultation,1031.47,
01/05/23,Transfer Received,,37357.24
02/05/23,More Supermarket,1342.18,
02/05/23,Airtel Mobile Bill,380.12,
02/05/23,Bonus Credit,,43334.79
05/05/23,Rapido Bike Taxi,153.02,
05/05/23,Gaming Recharge,1888.54,
05/05/23,PVR Cinemas,434.62,
05/05/23,Restaurant Dinner,1641.53,
06/05/23,Amazon Purchase,7124.28,
06/05/23,Rental Income,,15373.42
07/05/23,Gaming Recharge,757.46,
07/05/23,Netflix Subscription,376.28,
08/05/23,Zomato Food Delivery,422.72,
08/05/23,BookMyShow Tickets,735.16,
09/05/23,Airtel Mobile Bill,543.58,
10/05/23,Bonus Credit,,47781.69
10/05/23,Flipkart Order,1084.33,
10/05/23,Airtel Mobile Bill,564.23,
11/05/23,Gaming Recharge,747.39,
13/05/23,Meesho Order,1504.83,
13/05/23,More Supermarket,328.99,
14/05/23,Rapido Bike Taxi,121.67,
14/05/23,Flipkart Order,2667.56,
15/05/23,1mg Medicine Order,487.47,
15/05/23,Jio Recharge,241.01,
17/05/23,Newspaper Subscription,196.56,
18/05/23,DMart Purchase,2024.76,
18/05/23,Hair Salon,354.83,
20/05/23,Newspaper Subscription,295.36,
21/05/23,Refund Credit,,4787.79
21/05/23,More Supermarket,1055.49,
21/05/23,School Fees,3723.58,
22/05/23,Petrol / Diesel,925.63,
22/05/23,Spotify Premium,119.0,
22/05/23,Water Bill,548.0,
22/05/23,Hotel Stay,4060.23,
23/05/23,Gym Membership,820.48,
23/05/23,Meesho Order,545.22,
25/05/23,Parking Charges,122.28,
25/05/23,1mg Medicine Order,1179.12,
25/05/23,1mg Medicine Order,416.57,
25/05/23,Gym Membership,1927.31,
26/05/23,Apollo Pharmacy,106.54,
27/05/23,Zomato Food Delivery,701.99,
28/05/23,Gym Membership,569.02,
28/05/23,Flipkart Order,5599.26,
30/05/23,Restaurant Dinner,759.59,
31/05/23,Insurance Premium,7433.17,
31/05/23,Amazon Purchase,5633.53,
31/05/23,Netflix Subscription,312.98,
01/06/23,Dividend Credit,,11607.37
01/06/23,Ajio Clothing,469.96,
01/06/23,Water Bill,218.09,
01/06/23,Bonus Credit,,45637.72
02/06/23,Petrol / Diesel,2344.77,
03/06/23,Petrol / Diesel,2259.16,
04/06/23,Interest Credit,,792.74
05/06/23,Hotstar Subscription,359.47,
07/06/23,Flipkart Order,4412.31,
07/06/23,More Supermarket,1295.06,
07/06/23,Meesho Order,1667.23,
08/06/23,Netflix Subscription,444.75,
08/06/23,Airtel Mobile Bill,806.99,
09/06/23,BookMyShow Tickets,448.96,
09/06/23,Bonus Credit,,22722.2
09/06/23,Airtel Mobile Bill,399.51,
10/06/23,Flipkart Order,4810.07,
11/06/23,Myntra Fashion,2801.12,
12/06/23,Hotstar Subscription,451.4,
12/06/23,Hotstar Subscription,428.24,
12/06/23,Jio Recharge,241.3,
14/06/23,Petrol / Diesel,2153.1,
14/06/23,Gym Membership,1322.8,
15/06/23,School Fees,4163.28,
17/06/23,Book Purchase,798.63,
18/06/23,Netflix Subscription,441.01,
19/06/23,Airtel Mobile Bill,902.23,
19/06/23,Book Purchase,335.33,
20/06/23,Coffee Shop,196.06,
21/06/23,Airtel Mobile Bill,569.71,
22/06/23,Doctor Consultation,1430.0,
23/06/23,Flipkart Order,2215.86,
24/06/23,Doctor Consultation,1668.05,
25/06/23,Myntra Fashion,2275.33,
25/06/23,Transfer Received,,31171.56
26/06/23,Newspaper Subscription,194.18,
26/06/23,Reliance Fresh,1955.06,
26/06/23,Hotel Stay,3921.35,
26/06/23,Petrol / Diesel,1415.79,
27/06/23,Online Course,1303.18,
28/06/23,Insurance Premium,7245.19,
28/06/23,Zomato Food Delivery,128.33,
28/06/23,Cashback Credit,,827.45
30/06/23,Amazon Prime,500.81,
30/06/23,Online Course,1218.72,
30/06/23,Refund Credit,,2523.28
01/07/23,Insurance Premium,8390.89,
02/07/23,BigBasket Groceries,1482.67,
02/07/23,Amazon Purchase,7763.96,
02/07/23,Rental Income,,14330.5
02/07/23,Amazon Purchase,1332.6,
03/07/23,Electricity Bill,1724.91,
04/07/23,Jio Recharge,568.48,
04/07/23,Netflix Subscription,336.04,
04/07/23,Reliance Fresh,484.16,
05/07/23,Book Purchase,467.6,
05/07/23,Transfer Received,,49857.87
06/07/23,Ola Cab,397.58,
06/07/23,BigBasket Groceries,709.1,
06/07/23,YouTube Premium,139.0,
07/07/23,Coffee Shop,386.56,
07/07/23,DMart Purchase,1677.23,
07/07/23,BookMyShow Tickets,1215.88,
09/07/23,UPI Received,,1047.25
09/07/23,Book Purchase,228.12,
09/07/23,Salary Credit,,95755.78
09/07/23,Petrol / Diesel,2695.55,
12/07/23,Spa Treatment,1288.87,
12/07/23,PVR Cinemas,431.33,
12/07/23,Apollo Pharmacy,558.28,
12/07/23,BigBasket Groceries,3407.17,
14/07/23,DMart Purchase,202.68,
15/07/23,Maintenance Charges,1247.64,
16/07/23,Metro Card Recharge,205.08,
18/07/23,Uber Ride,503.57,
18/07/23,Airtel Mobile Bill,800.29,
18/07/23,Meesho Order,1901.27,
18/07/23,Rental Income,,17644.22
20/07/23,Dividend Credit,,10215.64
20/07/23,Spa Treatment,1648.91,
21/07/23,Newspaper Subscription,195.39,
22/07/23,Rental Income,,23070.18
22/07/23,Rapido Bike Taxi,71.58,
23/07/23,UPI Received,,879.39
23/07/23,Insurance Premium,5544.37,
24/07/23,Spa Treatment,2566.85,
24/07/23,Apollo Pharmacy,1402.08,
26/07/23,Book Purchase,335.42,
26/07/23,DMart Purchase,1936.53,
27/07/23,Apollo Pharmacy,1294.15,
28/07/23,Interest Credit,,2706.81
28/07/23,Online Course,2161.57,
28/07/23,Electricity Bill,3630.01,
30/07/23,Swiggy Order,739.04,
30/07/23,More Supermarket,699.76,
30/07/23,Newspaper Subscription,175.74,
01/08/23,Rapido Bike Taxi,196.71,
01/08/23,Doctor Consultation,814.99,
02/08/23,Newspaper Subscription,132.78,
02/08/23,Uber Ride,184.01,
02/08/23,Doctor Consultation,656.9,
02/08/23,Petrol / Diesel,1555.46,
03/08/23,Insurance Premium,8221.39,
03/08/23,Amazon Prime,447.25,
03/08/23,School Fees,13560.38,
03/08/23,Ola Cab,179.15,
04/08/23,ATM Withdrawal,3508.6,
04/08/23,Online Course,955.84,
05/08/23,Refund Credit,,4602.83
05/08/23,Hotel Stay,5812.65,
05/08/23,Reliance Fresh,1292.66,
06/08/23,Book Purchase,1034.53,
06/08/23,School Fees,9556.87,
06/08/23,Uber Ride,396.48,
06/08/23,Transfer Received,,28244.76
07/08/23,Gym Membership,1042.03,
08/08/23,PVR Cinemas,382.91,
08/08/23,Parking Charges,295.62,
09/08/23,Reliance Fresh,1005.42,
09/08/23,Refund Credit,,1404.25
10/08/23,Hotstar Subscription,466.66,
10/08/23,Reliance Fresh,922.91,
12/08/23,School Fees,13113.09,
12/08/23,Water Bill,681.15,
12/08/23,Rapido Bike Taxi,194.79,
12/08/23,Uber Ride,541.83,
12/08/23,Salary Credit,,101009.57
12/08/23,Freelance Payment,,19198.87
13/08/23,Swiggy Order,692.64,
13/08/23,Doctor Consultation,1984.87,
14/08/23,UPI Received,,2761.73
14/08/23,Amazon Purchase,1298.35,
14/08/23,Dividend Credit,,14419.35
15/08/23,Ajio Clothing,2378.31,
15/08/23,Dividend Credit,,3270.9
15/08/23,More Supermarket,1753.16,
15/08/23,Transfer Received,,43337.47
16/08/23,Gym Membership,1301.57,
16/08/23,Myntra Fashion,562.91,
16/08/23,YouTube Premium,139.0,
17/08/23,Uber Ride,261.15,
17/08/23,Metro Card Recharge,726.22,
19/08/23,Interest Credit,,979.14
19/08/23,ATM Withdrawal,4639.4,
20/08/23,Refund Credit,,715.12
21/08/23,Online Course,2501.42,
21/08/23,Ola Cab,395.47,
21/08/23,Rapido Bike Taxi,127.91,
22/08/23,Hair Salon,521.81,
22/08/23,Travel Booking,16777.11,
22/08/23,Gaming Recharge,700.3,
23/08/23,Interest Credit,,2687.88
24/08/23,Refund Credit,,4511.69
25/08/23,Hotel Stay,6973.77,
25/08/23,Coffee Shop,363.17,
25/08/23,Uber Ride,284.5,
25/08/23,Hotel Stay,6001.25,
26/08/23,Spotify Premium,119.0,
26/08/23,Spotify Premium,119.0,
26/08/23,Amazon Prime,205.71,
27/08/23,Flipkart Order,1732.08,
27/08/23,Water Bill,444.23,
27/08/23,UPI Received,,12001.01
28/08/23,Reliance Fresh,1424.99,
28/08/23,Ola Cab,394.41,
29/08/23,Restaurant Dinner,2858.29,
31/08/23,Zomato Food Delivery,603.27,
31/08/23,1mg Medicine Order,676.68,
01/09/23,Cashback Credit,,521.52
01/09/23,Freelance Payment,,22724.77
01/09/23,Zomato Food Delivery,849.68,
02/09/23,UPI Received,,13881.49
02/09/23,Airtel Mobile Bill,322.7,
03/09/23,Hotstar Subscription,370.05,
03/09/23,Newspaper Subscription,100.37,
03/09/23,Rental Income,,23423.93
04/09/23,Salary Credit,,91587.86
05/09/23,1mg Medicine Order,1179.97,
07/09/23,Freelance Payment,,21803.57
07/09/23,Travel Booking,3995.3,
08/09/23,Electricity Bill,2470.17,
10/09/23,Uber Ride,357.78,
10/09/23,Insurance Premium,2950.85,
10/09/23,Salary Credit,,100026.28
10/09/23,Travel Booking,11233.36,
11/09/23,Doctor Consultation,691.67,
11/09/23,Rental Income,,9469.6
12/09/23,Spa Treatment,1687.62,
12/09/23,Ola Cab,411.9,
13/09/23,Hair Salon,901.38,
13/09/23,Gaming Recharge,803.57,
14/09/23,Ajio Clothing,670.26,
17/09/23,ATM Withdrawal,3752.96,
17/09/23,Gaming Recharge,672.52,
17/09/23,Jio Recharge,387.74,
18/09/23,Airtel Mobile Bill,336.17,
19/09/23,Rapido Bike Taxi,169.3,
19/09/23,Ajio Clothing,2358.41,
19/09/23,Flipkart Order,2693.91,
20/09/23,Book Purchase,1270.67,
21/09/23,School Fees,13144.45,
22/09/23,Amazon Prime,807.89,
23/09/23,Transfer Received,,30642.39
24/09/23,Gym Membership,1873.21,
24/09/23,Electricity Bill,3439.25,
26/09/23,Rental Income,,21022.12
27/09/23,Cashback Credit,,920.31
27/09/23,Jio Recharge,550.49,
29/09/23,Online Course,4094.03,
30/09/23,Flipkart Order,5976.32,
30/09/23,Book Purchase,1149.91,
02/10/23,Salary Credit,,52252.79
02/10/23,Maintenance Charges,1948.57,
03/10/23,Gym Membership,1649.07,
03/10/23,Salary Credit,,105842.5
03/10/23,House Rent,13928.16,
03/10/23,Meesho Order,1483.64,
04/10/23,Airtel Mobile Bill,540.72,
04/10/23,Dividend Credit,,4817.1
04/10/23,Ajio Clothing,1504.3,
05/10/23,Gaming Recharge,1348.88,
05/10/23,Swiggy Order,698.92,
09/10/23,Parking Charges,183.83,
11/10/23,House Rent,17707.77,
11/10/23,Petrol / Diesel,2810.51,
12/10/23,Salary Credit,,69291.75
12/10/23,Zomato Food Delivery,703.27,
12/10/23,Hair Salon,295.05,
12/10/23,Amazon Purchase,7314.47,
12/10/23,Book Purchase,1282.26,
13/10/23,Myntra Fashion,2800.81,
13/10/23,ATM Withdrawal,3607.12,
13/10/23,BigBasket Groceries,2544.77,
14/10/23,Water Bill,505.52,
14/10/23,Cashback Credit,,925.38
16/10/23,School Fees,4027.55,
16/10/23,Newspaper Subscription,275.58,
16/10/23,ATM Withdrawal,1708.86,
17/10/23,Online Course,2885.01,
17/10/23,Coffee Shop,324.61,
18/10/23,Rapido Bike Taxi,153.62,
20/10/23,Dividend Credit,,1998.3
20/10/23,Dividend Credit,,9355.65
20/10/23,Parking Charges,182.11,
21/10/23,Refund Credit,,2746.91
21/10/23,Book Purchase,794.82,
22/10/23,Interest Credit,,2565.03
22/10/23,More Supermarket,772.74,
23/10/23,Online Course,3176.81,
24/10/23,Reliance Fresh,1374.52,
25/10/23,Petrol / Diesel,3764.23,
25/10/23,Amazon Prime,920.92,
25/10/23,Cashback Credit,,146.66
25/10/23,Electricity Bill,2188.55,
26/10/23,YouTube Premium,139.0,
26/10/23,Netflix Subscription,265.11,
27/10/23,School Fees,8679.66,
28/10/23,Uber Ride,243.44,
29/10/23,BookMyShow Tickets,1423.32,
30/10/23,Amazon Prime,705.73,
30/10/23,Hair Salon,457.4,
30/10/23,Metro Card Recharge,429.34,
31/10/23,Petrol / Diesel,3871.77,
31/10/23,Refund Credit,,2573.96
31/10/23,School Fees,14142.66,
01/11/23,Metro Card Recharge,740.86,
01/11/23,BookMyShow Tickets,1054.51,
01/11/23,Restaurant Dinner,2580.02,
01/11/23,Metro Card Recharge,926.44,
01/11/23,Cashback Credit,,108.51
02/11/23,Hair Salon,1472.75,
02/11/23,Bonus Credit,,12858.5
04/11/23,Netflix Subscription,477.4,
04/11/23,Ajio Clothing,1744.21,
05/11/23,Maintenance Charges,2019.43,
06/11/23,Spa Treatment,2021.11,
07/11/23,Netflix Subscription,363.48,
07/11/23,Rapido Bike Taxi,123.99,
07/11/23,Freelance Payment,,27645.59
07/11/23,Doctor Consultation,1769.75,
08/11/23,Restaurant Dinner,525.58,
09/11/23,Insurance Premium,2730.67,
10/11/23,1mg Medicine Order,825.47,
10/11/23,Apollo Pharmacy,822.61,
11/11/23,Amazon Prime,831.0,
12/11/23,Zomato Food Delivery,348.16,
12/11/23,More Supermarket,207.43,
12/11/23,Jio Recharge,551.87,
13/11/23,Gym Membership,918.61,
14/11/23,Salary Credit,,73401.39
14/11/23,Swiggy Order,866.3,
15/11/23,Dividend Credit,,5505.94
15/11/23,Gym Membership,895.05,
15/11/23,Doctor Consultation,984.35,
15/11/23,Airtel Mobile Bill,423.06,
15/11/23,UPI Received,,1860.97
16/11/23,Swiggy Order,140.47,
17/11/23,Swiggy Order,738.0,
17/11/23,Bonus Credit,,47093.12
17/11/23,Cashback Credit,,449.19
17/11/23,Insurance Premium,2223.16,
18/11/23,Restaurant Dinner,2807.33,
18/11/23,More Supermarket,935.5,
18/11/23,BigBasket Groceries,539.34,
19/11/23,Maintenance Charges,1974.29,
19/11/23,Apollo Pharmacy,253.89,
19/11/23,Interest Credit,,2815.69
20/11/23,Metro Card Recharge,784.9,
20/11/23,Online Course,4895.95,
20/11/23,Maintenance Charges,687.43,
20/11/23,Jio Recharge,323.74,
21/11/23,Swiggy Order,284.8,
22/11/23,Interest Credit,,845.87
23/11/23,Spa Treatment,2491.73,
23/11/23,More Supermarket,993.38,
25/11/23,Hair Salon,608.13,
25/11/23,Meesho Order,735.07,
26/11/23,UPI Received,,2814.2
26/11/23,Rapido Bike Taxi,160.69,
27/11/23,DMart Purchase,1411.19,
27/11/23,Reliance Fresh,1482.48,
28/11/23,YouTube Premium,139.0,
28/11/23,Metro Card Recharge,910.58,
29/11/23,BookMyShow Tickets,1210.1,
30/11/23,Apollo Pharmacy,1705.2,
30/11/23,YouTube Premium,139.0,
01/12/23,ATM Withdrawal,771.84,
01/12/23,Spotify Premium,119.0,
02/12/23,Restaurant Dinner,2812.47,
02/12/23,Insurance Premium,6507.25,
02/12/23,Newspaper Subscription,155.19,
02/12/23,Metro Card Recharge,278.98,
03/12/23,Parking Charges,204.47,
03/12/23,Metro Card Recharge,917.91,
03/12/23,Airtel Mobile Bill,392.51,
04/12/23,Jio Recharge,409.08,
04/12/23,Rapido Bike Taxi,77.77,
04/12/23,More Supermarket,1762.28,
04/12/23,Metro Card Recharge,411.89,
06/12/23,Rental Income,,13057.64
06/12/23,Freelance Payment,,29242.24
07/12/23,Myntra Fashion,2469.72,
07/12/23,Apollo Pharmacy,1099.7,
07/12/23,Meesho Order,625.07,
08/12/23,Hotel Stay,6881.2,
08/12/23,Coffee Shop,261.46,
09/12/23,Amazon Purchase,638.66,
09/12/23,Swiggy Order,644.4,
09/12/23,Uber Ride,428.05,
10/12/23,BigBasket Groceries,3010.02,
10/12/23,Gaming Recharge,341.45,
11/12/23,Water Bill,457.7,
11/12/23,Swiggy Order,370.6,
11/12/23,Ola Cab,155.47,
12/12/23,Coffee Shop,139.44,
12/12/23,Reliance Fresh,1718.35,
14/12/23,Spotify Premium,119.0,
15/12/23,Transfer Received,,26423.19
15/12/23,Salary Credit,,86513.98
15/12/23,Netflix Subscription,400.54,
15/12/23,Gaming Recharge,1327.51,
18/12/23,Netflix Subscription,408.66,
18/12/23,Jio Recharge,302.65,
19/12/23,Spa Treatment,980.34,
19/12/23,Insurance Premium,6701.92,
20/12/23,Reliance Fresh,304.47,
20/12/23,Flipkart Order,686.82,
20/12/23,Water Bill,277.78,
22/12/23,Amazon Purchase,7496.03,
22/12/23,Freelance Payment,,21120.0
22/12/23,Uber Ride,214.16,
23/12/23,Online Course,3972.77,
23/12/23,Hotstar Subscription,254.99,
24/12/23,House Rent,24246.29,
25/12/23,Online Course,1877.4,
25/12/23,Restaurant Dinner,888.87,
26/12/23,PVR Cinemas,568.06,
27/12/23,Myntra Fashion,2173.75,
29/12/23,Reliance Fresh,514.66,
29/12/23,Zomato Food Delivery,751.27,
30/12/23,Bonus Credit,,5228.43
31/12/23,Flipkart Order,4929.58,
31/12/23,Gaming Recharge,1828.52,
01/01/24,More Supermarket,936.47,
02/01/24,Refund Credit,,3166.08
02/01/24,Book Purchase,583.3,
03/01/24,Interest Credit,,1287.51
03/01/24,Jio Recharge,372.54,
04/01/24,Hotel Stay,9703.05,
04/01/24,Flipkart Order,2376.47,
05/01/24,Book Purchase,1233.19,
05/01/24,School Fees,10309.83,
05/01/24,Hotstar Subscription,526.44,
05/01/24,Jio Recharge,555.35,
05/01/24,Apollo Pharmacy,861.84,
05/01/24,Online Course,3107.52,
05/01/24,BookMyShow Tickets,1064.91,
06/01/24,Reliance Fresh,1265.1,
07/01/24,Transfer Received,,49482.53
07/01/24,Rapido Bike Taxi,146.88,
08/01/24,Jio Recharge,529.83,
08/01/24,More Supermarket,1276.57,
09/01/24,House Rent,18522.39,
09/01/24,Ajio Clothing,2834.11,
10/01/24,Myntra Fashion,2193.87,
10/01/24,Spa Treatment,1714.27,
10/01/24,UPI Received,,9297.16
11/01/24,Amazon Prime,290.9,
12/01/24,Metro Card Recharge,748.28,
12/01/24,Amazon Purchase,6076.85,
12/01/24,BookMyShow Tickets,1312.98,
12/01/24,Online Course,616.17,
14/01/24,PVR Cinemas,315.95,
15/01/24,Rental Income,,15810.0
15/01/24,Newspaper Subscription,288.71,
15/01/24,Uber Ride,357.95,
16/01/24,UPI Received,,4269.97
17/01/24,Doctor Consultation,1185.85,
17/01/24,ATM Withdrawal,4277.89,
17/01/24,Flipkart Order,3242.09,
17/01/24,Gym Membership,1012.36,
18/01/24,Flipkart Order,5729.95,
21/01/24,Insurance Premium,8517.02,
21/01/24,Newspaper Subscription,230.08,
23/01/24,Travel Booking,3115.76,
25/01/24,Hotel Stay,2032.17,
26/01/24,Amazon Purchase,5980.5,
26/01/24,Gaming Recharge,1916.38,
28/01/24,Netflix Subscription,382.25,
28/01/24,Travel Booking,6425.35,
29/01/24,Cashback Credit,,802.07
29/01/24,Cashback Credit,,818.18
29/01/24,Reliance Fresh,1911.64,
29/01/24,Amazon Purchase,4462.73,
29/01/24,Hotel Stay,2589.83,
30/01/24,Interest Credit,,1138.87
31/01/24,Book Purchase,1315.48,
31/01/24,ATM Withdrawal,1296.14,
03/02/24,Ajio Clothing,635.01,
03/02/24,Netflix Subscription,553.11,
03/02/24,YouTube Premium,139.0,
04/02/24,YouTube Premium,139.0,
05/02/24,Doctor Consultation,718.72,
05/02/24,Doctor Consultation,896.15,
05/02/24,Hotel Stay,1707.38,
06/02/24,ATM Withdrawal,4740.66,
06/02/24,DMart Purchase,890.18,
06/02/24,Gaming Recharge,353.84,
09/02/24,Restaurant Dinner,2383.94,
11/02/24,Netflix Subscription,403.24,
11/02/24,Apollo Pharmacy,1289.51,
11/02/24,Amazon Prime,441.0,
11/02/24,PVR Cinemas,386.15,
12/02/24,Parking Charges,103.68,
13/02/24,Spotify Premium,119.0,
13/02/24,Hair Salon,359.63,
14/02/24,Hair Salon,776.68,
14/02/24,Rapido Bike Taxi,50.72,
15/02/24,Reliance Fresh,1786.95,
15/02/24,Cashback Credit,,965.45
16/02/24,Ajio Clothing,3444.36,
17/02/24,Hair Salon,973.77,
17/02/24,Swiggy Order,359.11,
17/02/24,Coffee Shop,314.49,
17/02/24,Netflix Subscription,542.17,
18/02/24,Rapido Bike Taxi,165.56,
19/02/24,School Fees,14544.7,
20/02/24,BookMyShow Tickets,1368.62,
20/02/24,House Rent,10211.92,
20/02/24,Uber Ride,174.43,
20/02/24,Petrol / Diesel,1186.88,
20/02/24,Jio Recharge,297.42,
22/02/24,Parking Charges,256.54,
23/02/24,Rapido Bike Taxi,46.06,
23/02/24,DMart Purchase,1568.75,
24/02/24,Transfer Received,,3863.14
24/02/24,1mg Medicine Order,925.59,
24/02/24,Electricity Bill,3312.49,
24/02/24,Online Course,3334.8,
26/02/24,Electricity Bill,1654.9,
27/02/24,BookMyShow Tickets,1290.74,
27/02/24,Coffee Shop,200.64,
27/02/24,BookMyShow Tickets,1293.53,
28/02/24,BigBasket Groceries,2983.36,
28/02/24,BigBasket Groceries,3540.48,
29/02/24,Coffee Shop,380.4,
29/02/24,Uber Ride,105.28,
01/03/24,Restaurant Dinner,517.55,
01/03/24,Cashback Credit,,655.91
03/03/24,Hair Salon,468.37,
03/03/24,Travel Booking,9530.98,
03/03/24,Hotel Stay,7731.61,
04/03/24,Interest Credit,,2145.56
04/03/24,Salary Credit,,42744.34
04/03/24,Bonus Credit,,15205.86
05/03/24,Insurance Premium,5454.78,
05/03/24,Water Bill,385.62,
06/03/24,Hair Salon,1460.14,
06/03/24,Spotify Premium,119.0,
07/03/24,Newspaper Subscription,170.26,
08/03/24,1mg Medicine Order,275.37,
08/03/24,Doctor Consultation,967.01,
09/03/24,Netflix Subscription,599.05,
09/03/24,Hair Salon,1347.1,
09/03/24,Transfer Received,,40638.79
09/03/24,Bonus Credit,,31612.24
10/03/24,Coffee Shop,462.86,
10/03/24,Myntra Fashion,3697.98,
10/03/24,ATM Withdrawal,3903.7,
11/03/24,Uber Ride,378.82,
11/03/24,Newspaper Subscription,207.94,
11/03/24,Newspaper Subscription,200.31,
11/03/24,Electricity Bill,869.56,
12/03/24,Ajio Clothing,3294.56,
12/03/24,House Rent,20941.3,
12/03/24,Insurance Premium,7091.46,
12/03/24,1mg Medicine Order,779.83,
13/03/24,Reliance Fresh,423.7,
14/03/24,Book Purchase,1263.24,
14/03/24,Book Purchase,272.63,
14/03/24,Bonus Credit,,24607.05
15/03/24,Petrol / Diesel,1024.38,
15/03/24,More Supermarket,879.73,
17/03/24,PVR Cinemas,738.69,
18/03/24,Ola Cab,76.02,
19/03/24,ATM Withdrawal,519.82,
19/03/24,Swiggy Order,292.09,
20/03/24,Freelance Payment,,13893.22
20/03/24,Apollo Pharmacy,1426.63,
20/03/24,Doctor Consultation,1145.07,
20/03/24,Swiggy Order,532.07,
21/03/24,Insurance Premium,4808.57,
21/03/24,Ajio Clothing,959.93,
21/03/24,Insurance Premium,3587.5,
22/03/24,Hair Salon,920.61,
22/03/24,Bonus Credit,,16936.36
23/03/24,Transfer Received,,27052.36
23/03/24,ATM Withdrawal,4876.3,
23/03/24,Book Purchase,1152.9,
24/03/24,Water Bill,713.7,
24/03/24,Myntra Fashion,1931.35,
25/03/24,Cashback Credit,,973.33
26/03/24,Cashback Credit,,161.28
26/03/24,Cashback Credit,,347.06
26/03/24,More Supermarket,1287.03,
26/03/24,Ajio Clothing,2984.67,
27/03/24,Coffee Shop,289.88,
27/03/24,Insurance Premium,7071.91,
27/03/24,DMart Purchase,1418.05,
28/03/24,Dividend Credit,,13903.33
28/03/24,Flipkart Order,3735.95,
28/03/24,YouTube Premium,139.0,
29/03/24,ATM Withdrawal,2638.76,
02/04/24,Travel Booking,7519.52,
02/04/24,Transfer Received,,12190.27
02/04/24,Bonus Credit,,18307.49
03/04/24,YouTube Premium,139.0,
03/04/24,Amazon Prime,663.05,
04/04/24,Insurance Premium,3555.15,
04/04/24,Swiggy Order,813.73,
06/04/24,DMart Purchase,576.44,
06/04/24,Rental Income,,20642.58
06/04/24,Dividend Credit,,2801.84
06/04/24,Doctor Consultation,1861.55,
07/04/24,1mg Medicine Order,1059.35,
08/04/24,Ola Cab,146.94,
09/04/24,UPI Received,,4731.62
09/04/24,Amazon Purchase,555.53,
09/04/24,PVR Cinemas,737.15,
10/04/24,Freelance Payment,,5746.77
11/04/24,Ajio Clothing,1662.53,
12/04/24,Hotel Stay,2383.12,
13/04/24,Hotel Stay,4497.57,
13/04/24,More Supermarket,710.71,
14/04/24,1mg Medicine Order,249.3,
14/04/24,Newspaper Subscription,229.39,
14/04/24,ATM Withdrawal,507.5,
15/04/24,Insurance Premium,4760.14,
16/04/24,Myntra Fashion,3891.08,
18/04/24,Book Purchase,1313.23,
18/04/24,BigBasket Groceries,3468.64,
18/04/24,Petrol / Diesel,2324.19,
19/04/24,More Supermarket,360.61,
20/04/24,BookMyShow Tickets,794.47,
20/04/24,Dividend Credit,,12596.53
21/04/24,PVR Cinemas,380.21,
22/04/24,Uber Ride,99.5,
22/04/24,Interest Credit,,703.75
22/04/24,Uber Ride,166.13,
23/04/24,Petrol / Diesel,3513.91,
24/04/24,Apollo Pharmacy,425.66,
26/04/24,Rapido Bike Taxi,148.2,
26/04/24,Airtel Mobile Bill,950.08,
26/04/24,Apollo Pharmacy,1468.91,
27/04/24,Hotstar Subscription,859.7,
28/04/24,Interest Credit,,1550.6
28/04/24,BookMyShow Tickets,1253.49,
28/04/24,Hair Salon,1108.98,
29/04/24,UPI Received,,10012.69
29/04/24,Metro Card Recharge,499.7,
29/04/24,Spotify Premium,119.0,
01/05/24,Rapido Bike Taxi,142.66,
01/05/24,BookMyShow Tickets,985.9,
02/05/24,DMart Purchase,3427.62,
03/05/24,Gym Membership,1150.34,
04/05/24,UPI Received,,6608.61
05/05/24,Uber Ride,491.77,
06/05/24,Spa Treatment,563.24,
06/05/24,Gym Membership,2311.42,
08/05/24,Restaurant Dinner,2941.07,
08/05/24,DMart Purchase,1908.56,
08/05/24,Rapido Bike Taxi,128.96,
12/05/24,School Fees,3839.71,
12/05/24,Hair Salon,1083.97,
13/05/24,Newspaper Subscription,109.47,
13/05/24,1mg Medicine Order,228.33,
14/05/24,Transfer Received,,29777.97
15/05/24,ATM Withdrawal,1785.39,
16/05/24,Refund Credit,,2079.89
17/05/24,BigBasket Groceries,2184.15,
17/05/24,Doctor Consultation,1972.11,
18/05/24,House Rent,24852.33,
18/05/24,Jio Recharge,452.7,
19/05/24,Flipkart Order,4911.64,
20/05/24,Online Course,1899.68,
21/05/24,Book Purchase,1069.82,
21/05/24,Water Bill,221.6,
21/05/24,Hair Salon,379.37,
22/05/24,YouTube Premium,139.0,
22/05/24,Ajio Clothing,1583.76,
22/05/24,Water Bill,711.56,
22/05/24,Spotify Premium,119.0,
23/05/24,Interest Credit,,1101.9
23/05/24,Electricity Bill,1051.57,
23/05/24,Freelance Payment,,26098.23
24/05/24,Rapido Bike Taxi,158.26,
24/05/24,Hair Salon,471.03,
25/05/24,1mg Medicine Order,787.26,
27/05/24,Flipkart Order,3170.8,
28/05/24,Refund Credit,,2157.56
28/05/24,Flipkart Order,4866.74,
28/05/24,Parking Charges,277.84,
29/05/24,Gym Membership,1216.4,
29/05/24,Book Purchase,1282.2,
30/05/24,Water Bill,333.62,
30/05/24,Doctor Consultation,1776.56,
31/05/24,BigBasket Groceries,2748.98,
01/06/24,1mg Medicine Order,692.3,
01/06/24,Meesho Order,1495.38,
01/06/24,Parking Charges,212.56,
02/06/24,DMart Purchase,1045.42,
02/06/24,UPI Received,,14779.99
03/06/24,Parking Charges,174.51,
04/06/24,BigBasket Groceries,3820.43,
04/06/24,School Fees,14689.62,
04/06/24,Flipkart Order,2061.94,
05/06/24,Gaming Recharge,1517.93,
05/06/24,Airtel Mobile Bill,409.85,
05/06/24,Spa Treatment,2351.18,
06/06/24,Hair Salon,222.17,
07/06/24,Electricity Bill,2248.24,
07/06/24,Rapido Bike Taxi,113.93,
09/06/24,Book Purchase,391.36,
09/06/24,Ajio Clothing,3140.24,
09/06/24,Rapido Bike Taxi,142.21,
09/06/24,Water Bill,378.42,
10/06/24,ATM Withdrawal,1678.66,
10/06/24,Swiggy Order,737.41,
11/06/24,Airtel Mobile Bill,666.26,
11/06/24,Uber Ride,219.78,
12/06/24,Parking Charges,231.94,
12/06/24,BigBasket Groceries,1969.34,
12/06/24,Rental Income,,21790.41
13/06/24,Freelance Payment,,22631.59
13/06/24,Dividend Credit,,5775.28
14/06/24,Salary Credit,,94771.83
14/06/24,BigBasket Groceries,3415.97,
14/06/24,Meesho Order,467.72,
14/06/24,Hotstar Subscription,361.66,
14/06/24,Coffee Shop,196.59,
15/06/24,Hotstar Subscription,573.91,
15/06/24,Cashback Credit,,201.37
15/06/24,Freelance Payment,,22365.64
15/06/24,Jio Recharge,345.45,
16/06/24,Zomato Food Delivery,544.38,
16/06/24,Doctor Consultation,584.3,
17/06/24,ATM Withdrawal,2756.01,
17/06/24,ATM Withdrawal,4091.53,
17/06/24,Airtel Mobile Bill,651.66,
18/06/24,Hotstar Subscription,356.71,
19/06/24,Swiggy Order,325.14,
19/06/24,Ola Cab,232.41,
20/06/24,Hotstar Subscription,753.46,
20/06/24,YouTube Premium,139.0,
20/06/24,Gaming Recharge,1253.64,
21/06/24,Ola Cab,417.03,
21/06/24,Zomato Food Delivery,410.78,
22/06/24,Dividend Credit,,11230.95
22/06/24,Restaurant Dinner,1228.63,
24/06/24,Online Course,631.41,
24/06/24,Rapido Bike Taxi,164.45,
26/06/24,Cashback Credit,,920.68
26/06/24,Water Bill,529.1,
26/06/24,Amazon Purchase,4131.01,
26/06/24,Water Bill,596.03,
26/06/24,Refund Credit,,2291.03
27/06/24,YouTube Premium,139.0,
27/06/24,Coffee Shop,285.64,
27/06/24,DMart Purchase,1581.09,
28/06/24,Netflix Subscription,435.02,
29/06/24,YouTube Premium,139.0,
30/06/24,Bonus Credit,,21003.26
30/06/24,Salary Credit,,59240.08
30/06/24,Flipkart Order,5626.24,
01/07/24,ATM Withdrawal,1328.42,
01/07/24,Dividend Credit,,9181.45
01/07/24,Amazon Purchase,1076.67,
01/07/24,Zomato Food Delivery,746.39,
02/07/24,Amazon Prime,567.29,
02/07/24,Spotify Premium,119.0,
03/07/24,Airtel Mobile Bill,594.07,
03/07/24,Bonus Credit,,9158.5
04/07/24,Water Bill,777.28,
05/07/24,Rental Income,,22592.35
05/07/24,Myntra Fashion,2554.18,
05/07/24,Restaurant Dinner,1217.35,
05/07/24,Ola Cab,447.8,
05/07/24,Freelance Payment,,28401.06
05/07/24,Hotstar Subscription,885.6,
06/07/24,Ola Cab,397.03,
06/07/24,Insurance Premium,4724.94,
06/07/24,Swiggy Order,642.39,
06/07/24,Metro Card Recharge,728.6,
06/07/24,Gym Membership,2378.12,
06/07/24,Jio Recharge,262.9,
07/07/24,Interest Credit,,2208.38
07/07/24,Rental Income,,8157.59
07/07/24,Salary Credit,,55961.96
09/07/24,Petrol / Diesel,3742.14,
09/07/24,Electricity Bill,2241.73,
10/07/24,School Fees,9080.79,
10/07/24,1mg Medicine Order,188.66,
11/07/24,Gaming Recharge,804.53,
12/07/24,PVR Cinemas,586.89,
12/07/24,Amazon Prime,937.02,
12/07/24,Book Purchase,960.43,
12/07/24,BigBasket Groceries,3392.06,
12/07/24,BigBasket Groceries,2857.91,
14/07/24,Airtel Mobile Bill,617.52,
15/07/24,Reliance Fresh,365.63,
17/07/24,Dividend Credit,,13572.14
17/07/24,Spa Treatment,2322.44,
18/07/24,Jio Recharge,363.46,
18/07/24,Apollo Pharmacy,487.75,
18/07/24,Hair Salon,1217.69,
18/07/24,Uber Ride,351.04,
18/07/24,Refund Credit,,4134.61
19/07/24,Travel Booking,3735.83,
19/07/24,Meesho Order,1664.79,
19/07/24,Netflix Subscription,266.8,
19/07/24,Netflix Subscription,517.16,
20/07/24,Hotel Stay,2644.18,
20/07/24,YouTube Premium,139.0,
20/07/24,PVR Cinemas,446.82,
20/07/24,Gaming Recharge,445.01,
20/07/24,ATM Withdrawal,687.37,
21/07/24,DMart Purchase,3385.8,
21/07/24,Salary Credit,,108817.0
22/07/24,Airtel Mobile Bill,776.79,
23/07/24,Airtel Mobile Bill,476.71,
23/07/24,Electricity Bill,4206.2,
23/07/24,Spotify Premium,119.0,
23/07/24,Ajio Clothing,1632.56,
23/07/24,Hotstar Subscription,167.24,
24/07/24,School Fees,8822.32,
24/07/24,Refund Credit,,1537.95
25/07/24,DMart Purchase,2876.55,
25/07/24,Jio Recharge,424.16,
26/07/24,Insurance Premium,2202.31,
26/07/24,Flipkart Order,4280.12,
26/07/24,Travel Booking,14473.84,
26/07/24,Netflix Subscription,166.42,
27/07/24,Netflix Subscription,419.66,
27/07/24,Maintenance Charges,2724.16,
28/07/24,School Fees,12251.03,
29/07/24,Bonus Credit,,15213.69
29/07/24,Refund Credit,,1280.84
30/07/24,Salary Credit,,76110.56
01/08/24,Amazon Purchase,1603.13,
02/08/24,Swiggy Order,786.26,
02/08/24,PVR Cinemas,696.12,
03/08/24,Metro Card Recharge,792.79,
03/08/24,Gaming Recharge,384.62,
03/08/24,School Fees,12409.56,
03/08/24,Coffee Shop,262.12,
04/08/24,Zomato Food Delivery,202.36,
05/08/24,Spa Treatment,1117.93,
06/08/24,Parking Charges,177.67,
08/08/24,Ajio Clothing,3360.2,
08/08/24,Rental Income,,10684.96
09/08/24,Interest Credit,,1265.57
09/08/24,Ola Cab,207.76,
11/08/24,BigBasket Groceries,1611.56,
11/08/24,Restaurant Dinner,1023.43,
12/08/24,Uber Ride,108.32,
13/08/24,PVR Cinemas,543.56,
13/08/24,Interest Credit,,2591.68
13/08/24,School Fees,14368.63,
13/08/24,Parking Charges,292.61,
14/08/24,Interest Credit,,1544.65
15/08/24,Myntra Fashion,3709.85,
15/08/24,Freelance Payment,,17264.81
15/08/24,DMart Purchase,2257.86,
15/08/24,Travel Booking,16081.04,
16/08/24,Petrol / Diesel,1141.88,
16/08/24,UPI Received,,14661.43
16/08/24,UPI Received,,1605.69
16/08/24,Gaming Recharge,598.81,
17/08/24,Book Purchase,1200.49,
17/08/24,More Supermarket,678.16,
19/08/24,Hotstar Subscription,848.61,
19/08/24,Parking Charges,193.91,
19/08/24,Insurance Premium,9829.14,
21/08/24,Flipkart Order,833.27,
22/08/24,Parking Charges,69.7,
22/08/24,Gym Membership,1305.37,
22/08/24,1mg Medicine Order,1341.68,
22/08/24,Spa Treatment,748.33,
23/08/24,Salary Credit,,49632.89
23/08/24,Water Bill,336.12,
23/08/24,Ajio Clothing,2708.29,
24/08/24,Book Purchase,504.36,
24/08/24,School Fees,8811.74,
25/08/24,BigBasket Groceries,3293.53,
25/08/24,Bonus Credit,,40202.74
26/08/24,Swiggy Order,379.18,
26/08/24,Dividend Credit,,3213.71
26/08/24,Hotel Stay,3353.26,
26/08/24,Parking Charges,170.14,
27/08/24,Zomato Food Delivery,389.39,
28/08/24,Amazon Purchase,5952.87,
28/08/24,Meesho Order,1821.75,
29/08/24,YouTube Premium,139.0,
30/08/24,Cashback Credit,,565.58
30/08/24,Airtel Mobile Bill,402.74,
31/08/24,Myntra Fashion,3294.58,
01/09/24,Interest Credit,,595.05
01/09/24,BigBasket Groceries,2713.73,
03/09/24,YouTube Premium,139.0,
03/09/24,Newspaper Subscription,189.68,
03/09/24,School Fees,10502.24,
03/09/24,Electricity Bill,3495.92,
03/09/24,Meesho Order,1789.53,
03/09/24,More Supermarket,1759.54,
04/09/24,Zomato Food Delivery,192.1,
04/09/24,Parking Charges,270.65,
04/09/24,Maintenance Charges,2321.35,
05/09/24,Parking Charges,118.38,
07/09/24,Online Course,4143.1,
07/09/24,Water Bill,221.33,
08/09/24,Water Bill,263.49,
09/09/24,Book Purchase,324.53,
09/09/24,Gym Membership,2424.29,
09/09/24,Reliance Fresh,615.08,
10/09/24,Petrol / Diesel,3559.96,
10/09/24,UPI Received,,3267.99
10/09/24,Freelance Payment,,21647.41
13/09/24,More Supermarket,803.13,
13/09/24,Newspaper Subscription,113.52,
14/09/24,Amazon Purchase,7202.25,
14/09/24,Rental Income,,23963.36
15/09/24,Travel Booking,6495.68,
15/09/24,Ola Cab,196.61,
15/09/24,Meesho Order,759.47,
15/09/24,Insurance Premium,7118.89,
16/09/24,Cashback Credit,,212.41
16/09/24,Freelance Payment,,9115.47
17/09/24,Apollo Pharmacy,1368.79,
17/09/24,Rapido Bike Taxi,80.65,
18/09/24,Ola Cab,471.86,
19/09/24,More Supermarket,1215.15,
19/09/24,Flipkart Order,4089.19,
20/09/24,Apollo Pharmacy,1377.52,
20/09/24,Ajio Clothing,1031.97,
21/09/24,Online Course,3307.75,
22/09/24,Restaurant Dinner,2218.59,
22/09/24,School Fees,6028.34,
22/09/24,Insurance Premium,3327.33,
22/09/24,Water Bill,575.19,
23/09/24,Reliance Fresh,573.87,
23/09/24,Refund Credit,,2861.07
24/09/24,Doctor Consultation,1977.06,
24/09/24,More Supermarket,455.92,
25/09/24,Spotify Premium,119.0,
25/09/24,Amazon Purchase,2163.92,
25/09/24,Amazon Prime,942.19,
26/09/24,PVR Cinemas,562.74,
27/09/24,Gaming Recharge,1591.37,
27/09/24,Netflix Subscription,290.5,
28/09/24,Book Purchase,1245.32,
28/09/24,Reliance Fresh,1757.9,
29/09/24,BookMyShow Tickets,1465.34,
29/09/24,Amazon Prime,914.1,
29/09/24,Zomato Food Delivery,510.91,
29/09/24,BigBasket Groceries,1871.3,
01/10/24,Meesho Order,1225.98,
02/10/24,Hotstar Subscription,421.65,
03/10/24,1mg Medicine Order,1101.05,
03/10/24,Spotify Premium,119.0,
05/10/24,Insurance Premium,9377.01,
07/10/24,DMart Purchase,2363.7,
07/10/24,Jio Recharge,474.49,
08/10/24,Restaurant Dinner,1619.67,
10/10/24,Restaurant Dinner,2353.51,
11/10/24,Apollo Pharmacy,1397.33,
12/10/24,Doctor Consultation,1437.02,
12/10/24,Hair Salon,639.65,
12/10/24,Hotstar Subscription,713.5,
13/10/24,Hotel Stay,8325.11,
13/10/24,BookMyShow Tickets,508.24,
13/10/24,Salary Credit,,97687.2
13/10/24,Maintenance Charges,2937.62,
14/10/24,YouTube Premium,139.0,
14/10/24,Amazon Purchase,3669.52,
15/10/24,Ola Cab,240.52,
15/10/24,Netflix Subscription,282.72,
15/10/24,Transfer Received,,37556.69
16/10/24,Hotstar Subscription,587.25,
17/10/24,Gaming Recharge,1351.68,
18/10/24,Swiggy Order,175.71,
19/10/24,Hair Salon,485.43,
19/10/24,Netflix Subscription,440.61,
19/10/24,Coffee Shop,371.68,
20/10/24,House Rent,10031.94,
22/10/24,Swiggy Order,751.51,
22/10/24,Rapido Bike Taxi,157.06,
24/10/24,Parking Charges,138.53,
24/10/24,Restaurant Dinner,2559.72,
24/10/24,Amazon Purchase,2268.64,
24/10/24,Maintenance Charges,2089.34,
24/10/24,Ajio Clothing,3145.86,
25/10/24,Myntra Fashion,2107.2,
25/10/24,Ajio Clothing,1442.87,
25/10/24,Uber Ride,504.6,
26/10/24,Parking Charges,231.88,
26/10/24,Uber Ride,594.82,
26/10/24,Jio Recharge,351.84,
27/10/24,Amazon Purchase,5992.74,
27/10/24,Hotstar Subscription,720.53,
27/10/24,Restaurant Dinner,743.05,
28/10/24,Ajio Clothing,2778.82,
29/10/24,Insurance Premium,6031.26,
29/10/24,Apollo Pharmacy,781.24,
29/10/24,Meesho Order,1765.38,
30/10/24,Airtel Mobile Bill,429.46,
30/10/24,School Fees,9337.62,
30/10/24,Parking Charges,254.77,
31/10/24,Coffee Shop,265.28,
31/10/24,Parking Charges,177.34,
01/11/24,Book Purchase,595.03,
01/11/24,Travel Booking,19905.57,
01/11/24,Restaurant Dinner,2684.21,
01/11/24,DMart Purchase,1870.01,
02/11/24,DMart Purchase,1016.58,
02/11/24,Freelance Payment,,9891.99
03/11/24,Refund Credit,,1054.01
04/11/24,Insurance Premium,9267.11,
05/11/24,Meesho Order,1602.35,
05/11/24,Zomato Food Delivery,759.3,
05/11/24,Water Bill,487.85,
05/11/24,More Supermarket,194.33,
06/11/24,PVR Cinemas,619.58,
07/11/24,More Supermarket,1192.17,
07/11/24,Swiggy Order,677.27,
07/11/24,Rapido Bike Taxi,111.08,
08/11/24,Doctor Consultation,804.2,
08/11/24,More Supermarket,926.53,
09/11/24,Gaming Recharge,1777.46,
09/11/24,Gym Membership,1983.35,
10/11/24,Restaurant Dinner,1910.92,
10/11/24,Interest Credit,,1055.78
12/11/24,Rapido Bike Taxi,63.68,
12/11/24,1mg Medicine Order,475.2,
13/11/24,PVR Cinemas,632.0,
14/11/24,BookMyShow Tickets,769.09,
14/11/24,ATM Withdrawal,4533.58,
16/11/24,1mg Medicine Order,509.38,
16/11/24,School Fees,8725.35,
18/11/24,Petrol / Diesel,1858.02,
19/11/24,House Rent,23616.84,
19/11/24,Rental Income,,24993.0
19/11/24,Salary Credit,,101511.74
20/11/24,Cashback Credit,,703.04
21/11/24,Gym Membership,2400.12,
21/11/24,Reliance Fresh,645.48,
22/11/24,Spotify Premium,119.0,
23/11/24,ATM Withdrawal,2219.36,
23/11/24,Ajio Clothing,429.52,
24/11/24,Rental Income,,8759.84
24/11/24,Myntra Fashion,1733.34,
24/11/24,Doctor Consultation,1241.64,
26/11/24,Maintenance Charges,2349.97,
26/11/24,Reliance Fresh,1021.13,
27/11/24,Apollo Pharmacy,219.56,
27/11/24,1mg Medicine Order,1318.46,
27/11/24,Spa Treatment,2374.7,
27/11/24,Coffee Shop,125.68,
27/11/24,Online Course,1156.0,
27/11/24,1mg Medicine Order,1266.39,
27/11/24,Newspaper Subscription,174.23,
29/11/24,Ola Cab,418.84,
01/12/24,Parking Charges,166.12,
01/12/24,Transfer Received,,5385.5
01/12/24,YouTube Premium,139.0,
02/12/24,Reliance Fresh,1554.02,
02/12/24,Amazon Purchase,7220.06,
02/12/24,Insurance Premium,4850.77,
02/12/24,Amazon Purchase,277.21,
03/12/24,Book Purchase,351.82,
03/12/24,Ajio Clothing,532.94,
03/12/24,Airtel Mobile Bill,919.12,
03/12/24,BigBasket Groceries,3678.63,
04/12/24,Dividend Credit,,3986.39
04/12/24,Hotel Stay,7512.76,
05/12/24,Maintenance Charges,511.43,
05/12/24,Hotstar Subscription,832.54,
05/12/24,Jio Recharge,526.03,
06/12/24,Refund Credit,,2846.29
06/12/24,Dividend Credit,,14999.54
07/12/24,Apollo Pharmacy,1690.8,
07/12/24,Amazon Prime,225.77,
07/12/24,Electricity Bill,3346.79,
09/12/24,Book Purchase,883.13,
09/12/24,Swiggy Order,679.84,
09/12/24,Airtel Mobile Bill,648.61,
09/12/24,BigBasket Groceries,3120.25,
10/12/24,YouTube Premium,139.0,
10/12/24,Transfer Received,,35138.61
10/12/24,Uber Ride,300.36,
10/12/24,Newspaper Subscription,107.45,
10/12/24,Rapido Bike Taxi,92.26,
11/12/24,Rapido Bike Taxi,121.38,
12/12/24,Metro Card Recharge,965.77,
13/12/24,BookMyShow Tickets,958.28,
14/12/24,Online Course,3201.49,
14/12/24,Flipkart Order,678.09,
14/12/24,Flipkart Order,1411.51,
14/12/24,Uber Ride,446.74,
15/12/24,Hair Salon,443.58,
15/12/24,ATM Withdrawal,3443.8,
16/12/24,Spotify Premium,119.0,
16/12/24,Airtel Mobile Bill,418.99,
16/12/24,Myntra Fashion,2397.39,
16/12/24,Spa Treatment,1527.44,
16/12/24,Hotel Stay,7216.76,
17/12/24,PVR Cinemas,416.12,
17/12/24,Interest Credit,,2500.42
17/12/24,DMart Purchase,299.53,
18/12/24,Coffee Shop,121.03,
19/12/24,Restaurant Dinner,873.72,
19/12/24,Dividend Credit,,14912.81
20/12/24,PVR Cinemas,591.76,
21/12/24,Amazon Prime,644.11,
21/12/24,Cashback Credit,,259.73
21/12/24,Gaming Recharge,1993.22,
21/12/24,House Rent,26925.85,
21/12/24,Electricity Bill,1313.08,
22/12/24,PVR Cinemas,448.64,
23/12/24,More Supermarket,495.6,
24/12/24,Jio Recharge,244.3,
24/12/24,Freelance Payment,,25133.23
24/12/24,BigBasket Groceries,2708.98,
24/12/24,Maintenance Charges,2033.67,
24/12/24,Flipkart Order,5310.29,
24/12/24,DMart Purchase,2484.26,
25/12/24,House Rent,27708.41,
26/12/24,Netflix Subscription,489.85,
26/12/24,Doctor Consultation,438.4,
27/12/24,Rapido Bike Taxi,151.14,
27/12/24,Doctor Consultation,998.11,
27/12/24,Cashback Credit,,165.69
28/12/24,BookMyShow Tickets,839.78,
28/12/24,Newspaper Subscription,215.4,
28/12/24,Petrol / Diesel,2193.62,
31/12/24,Bonus Credit,,20792.18
01/01/25,1mg Medicine Order,1006.97,
01/01/25,Uber Ride,252.14,
01/01/25,YouTube Premium,139.0,
01/01/25,Salary Credit,,48372.48
01/01/25,Meesho Order,1830.58,
02/01/25,Parking Charges,152.14,
03/01/25,Online Course,995.61,
03/01/25,More Supermarket,941.14,
03/01/25,Insurance Premium,4967.54,
05/01/25,BookMyShow Tickets,1369.53,
05/01/25,Flipkart Order,4793.54,
06/01/25,BookMyShow Tickets,472.47,
06/01/25,Transfer Received,,37618.06
07/01/25,Dividend Credit,,11585.61
07/01/25,Zomato Food Delivery,792.99,
07/01/25,Water Bill,279.0,
07/01/25,Restaurant Dinner,1985.26,
09/01/25,BookMyShow Tickets,634.58,
09/01/25,Apollo Pharmacy,434.2,
10/01/25,Coffee Shop,166.64,
12/01/25,Freelance Payment,,25758.52
12/01/25,Dividend Credit,,12106.34
12/01/25,Parking Charges,224.9,
12/01/25,Myntra Fashion,2211.79,
13/01/25,Rental Income,,19535.67
13/01/25,Water Bill,783.21,
14/01/25,Gym Membership,822.2,
14/01/25,Ajio Clothing,792.28,
15/01/25,Apollo Pharmacy,517.77,
15/01/25,YouTube Premium,139.0,
16/01/25,DMart Purchase,3114.07,
17/01/25,Ola Cab,209.27,
17/01/25,DMart Purchase,1198.9,
20/01/25,Cashback Credit,,927.52
21/01/25,Hotel Stay,9233.19,
21/01/25,Gaming Recharge,1999.67,
21/01/25,Uber Ride,348.63,
21/01/25,Ola Cab,198.4,
22/01/25,Rapido Bike Taxi,123.54,
23/01/25,Swiggy Order,263.88,
24/01/25,Hair Salon,832.71,
25/01/25,Metro Card Recharge,865.2,
25/01/25,Parking Charges,219.57,
26/01/25,Maintenance Charges,2963.79,
26/01/25,Insurance Premium,8110.11,
27/01/25,Rental Income,,24087.27
27/01/25,House Rent,18754.58,
28/01/25,Hotstar Subscription,653.63,
28/01/25,Amazon Purchase,7815.57,
28/01/25,Newspaper Subscription,147.63,
29/01/25,Rental Income,,23208.2
29/01/25,Apollo Pharmacy,698.49,
31/01/25,Ola Cab,259.72,
31/01/25,Uber Ride,561.97,
31/01/25,Coffee Shop,117.63,
31/01/25,Myntra Fashion,3082.96,
02/02/25,Amazon Prime,327.56,
03/02/25,Water Bill,523.83,
03/02/25,Airtel Mobile Bill,692.78,
03/02/25,Apollo Pharmacy,1358.39,
04/02/25,Electricity Bill,3802.32,
04/02/25,Refund Credit,,2996.73
04/02/25,Doctor Consultation,1520.45,
05/02/25,Swiggy Order,608.98,
06/02/25,Zomato Food Delivery,293.89,
06/02/25,Flipkart Order,3673.1,
06/02/25,Rental Income,,7550.04
07/02/25,YouTube Premium,139.0,
07/02/25,PVR Cinemas,587.91,
08/02/25,Zomato Food Delivery,641.03,
09/02/25,PVR Cinemas,609.68,
09/02/25,Jio Recharge,399.39,
09/02/25,Myntra Fashion,3179.28,
11/02/25,Rental Income,,7965.61
11/02/25,Amazon Purchase,228.04,
11/02/25,Amazon Purchase,6556.88,
11/02/25,Rental Income,,9149.53
11/02/25,Gym Membership,2012.54,
12/02/25,Rapido Bike Taxi,106.82,
12/02/25,Hotstar Subscription,828.6,
12/02/25,Electricity Bill,3482.44,
13/02/25,YouTube Premium,139.0,
13/02/25,Parking Charges,113.75,
14/02/25,Myntra Fashion,1783.59,
14/02/25,Spotify Premium,119.0,
14/02/25,Gaming Recharge,244.05,
15/02/25,Swiggy Order,211.16,
15/02/25,Uber Ride,373.13,
16/02/25,Flipkart Order,3225.8,
16/02/25,Hotel Stay,3973.15,
16/02/25,Hotel Stay,5457.91,
17/02/25,Ajio Clothing,455.53,
17/02/25,Ola Cab,70.83,
18/02/25,Insurance Premium,7820.4,
18/02/25,Hotstar Subscription,611.46,
18/02/25,YouTube Premium,139.0,
18/02/25,Zomato Food Delivery,269.03,
19/02/25,Insurance Premium,6952.43,
20/02/25,Doctor Consultation,731.01,
20/02/25,Water Bill,741.76,
20/02/25,Ajio Clothing,1565.95,
20/02/25,Cashback Credit,,413.33
20/02/25,Zomato Food Delivery,720.91,
21/02/25,Salary Credit,,75073.5
21/02/25,Gaming Recharge,57.88,
21/02/25,Ola Cab,143.64,
22/02/25,Freelance Payment,,23092.81
22/02/25,Apollo Pharmacy,677.27,
22/02/25,Petrol / Diesel,980.3,
22/02/25,Travel Booking,18239.61,
22/02/25,Parking Charges,172.08,
24/02/25,DMart Purchase,3201.92,
24/02/25,Coffee Shop,308.97,
25/02/25,Transfer Received,,12356.5
25/02/25,Interest Credit,,1276.44
25/02/25,Jio Recharge,410.1,
26/02/25,BigBasket Groceries,2104.37,
26/02/25,BigBasket Groceries,3089.33,
26/02/25,PVR Cinemas,745.22,
27/02/25,Doctor Consultation,1683.15,
27/02/25,1mg Medicine Order,445.98,
28/02/25,YouTube Premium,139.0,
28/02/25,Uber Ride,155.86,
28/02/25,Transfer Received,,8225.27
28/02/25,UPI Received,,1194.69
01/03/25,Water Bill,670.78,
01/03/25,Uber Ride,86.72,
02/03/25,Salary Credit,,66406.52
02/03/25,Interest Credit,,2752.58
04/03/25,Amazon Prime,715.1,
07/03/25,Gaming Recharge,1286.66,
08/03/25,ATM Withdrawal,1105.64,
08/03/25,Ajio Clothing,981.71,
09/03/25,Ajio Clothing,3159.15,
09/03/25,YouTube Premium,139.0,
10/03/25,ATM Withdrawal,1133.82,
10/03/25,Gaming Recharge,1067.01,
10/03/25,YouTube Premium,139.0,
11/03/25,Online Course,505.91,
11/03/25,Gaming Recharge,880.3,
12/03/25,Cashback Credit,,762.99
12/03/25,Uber Ride,85.23,
12/03/25,Petrol / Diesel,693.45,
13/03/25,ATM Withdrawal,1225.7,
14/03/25,Travel Booking,8842.29,
14/03/25,Parking Charges,266.14,
14/03/25,Hair Salon,464.95,
14/03/25,School Fees,2666.43,
14/03/25,Hotstar Subscription,551.31,
15/03/25,Ola Cab,446.94,
15/03/25,Jio Recharge,518.64,
15/03/25,Bonus Credit,,19173.89
16/03/25,Uber Ride,195.03,
17/03/25,PVR Cinemas,426.46,
17/03/25,BigBasket Groceries,3755.22,
17/03/25,Travel Booking,9465.74,
18/03/25,School Fees,9355.57,
19/03/25,Spa Treatment,1745.16,
19/03/25,Bonus Credit,,25890.96
19/03/25,BookMyShow Tickets,706.51,
20/03/25,PVR Cinemas,645.87,
20/03/25,Water Bill,207.15,
20/03/25,House Rent,10137.57,
21/03/25,Parking Charges,87.54,
21/03/25,Newspaper Subscription,211.23,
23/03/25,Jio Recharge,210.81,
23/03/25,Apollo Pharmacy,1977.68,
23/03/25,Restaurant Dinner,2242.03,
24/03/25,BigBasket Groceries,2068.79,
24/03/25,School Fees,14360.68,
26/03/25,Travel Booking,16034.32,
27/03/25,Flipkart Order,5278.43,
27/03/25,Swiggy Order,551.0,
28/03/25,House Rent,24834.2,
28/03/25,Myntra Fashion,2526.59,
28/03/25,UPI Received,,5656.95
28/03/25,Rapido Bike Taxi,55.19,
29/03/25,1mg Medicine Order,688.6,
29/03/25,Spa Treatment,2701.0,
29/03/25,Petrol / Diesel,1299.29,
31/03/25,Petrol / Diesel,1112.48,
31/03/25,House Rent,28698.1,
31/03/25,Insurance Premium,5182.82,
01/04/25,Petrol / Diesel,2091.29,
01/04/25,Airtel Mobile Bill,448.47,
02/04/25,Salary Credit,,87864.74
04/04/25,Amazon Purchase,218.8,
05/04/25,More Supermarket,840.35,
05/04/25,Myntra Fashion,1474.28,
05/04/25,Amazon Prime,802.6,
06/04/25,House Rent,25257.23,
06/04/25,Myntra Fashion,2245.63,
07/04/25,Zomato Food Delivery,654.46,
07/04/25,Water Bill,706.85,
08/04/25,Apollo Pharmacy,1116.69,
09/04/25,Uber Ride,488.3,
09/04/25,Coffee Shop,286.08,
09/04/25,Salary Credit,,56240.23
10/04/25,Flipkart Order,4210.68,
10/04/25,Jio Recharge,268.9,
11/04/25,Gym Membership,1493.65,
12/04/25,Gym Membership,1569.44,
12/04/25,Reliance Fresh,989.55,
13/04/25,Online Course,1448.3,
14/04/25,1mg Medicine Order,1397.08,
14/04/25,Spotify Premium,119.0,
15/04/25,Book Purchase,270.58,
16/04/25,Maintenance Charges,1523.75,
16/04/25,YouTube Premium,139.0,
17/04/25,Ola Cab,280.62,
17/04/25,School Fees,8851.03,
17/04/25,Restaurant Dinner,2569.16,
17/04/25,Amazon Prime,802.61,
17/04/25,Transfer Received,,1362.54
18/04/25,Spotify Premium,119.0,
19/04/25,Netflix Subscription,639.06,
19/04/25,Rapido Bike Taxi,134.93,
20/04/25,Uber Ride,476.94,
22/04/25,Flipkart Order,925.75,
22/04/25,Rapido Bike Taxi,121.19,
23/04/25,Restaurant Dinner,2757.12,
24/04/25,UPI Received,,2897.47
24/04/25,Maintenance Charges,631.3,
25/04/25,Zomato Food Delivery,433.39,
25/04/25,Doctor Consultation,1048.78,
26/04/25,Interest Credit,,655.41
26/04/25,YouTube Premium,139.0,
26/04/25,Water Bill,411.45,
26/04/25,Ola Cab,71.16,
26/04/25,Doctor Consultation,881.79,
27/04/25,Water Bill,634.39,
27/04/25,Freelance Payment,,23974.93
27/04/25,Jio Recharge,450.14,
28/04/25,Electricity Bill,964.88,
28/04/25,YouTube Premium,139.0,
29/04/25,Swiggy Order,142.59,
29/04/25,Hotel Stay,1777.71,
29/04/25,Gaming Recharge,149.72,
30/04/25,PVR Cinemas,515.73,
30/04/25,Water Bill,741.45,
01/05/25,Myntra Fashion,2570.06,
02/05/25,Coffee Shop,167.77,
03/05/25,Airtel Mobile Bill,756.95,
03/05/25,Rental Income,,21888.51
03/05/25,Zomato Food Delivery,690.23,
04/05/25,Bonus Credit,,42496.03
04/05/25,Netflix Subscription,391.52,
04/05/25,Airtel Mobile Bill,940.07,
05/05/25,Meesho Order,1472.39,
05/05/25,Hotel Stay,6755.42,
05/05/25,UPI Received,,1686.65
05/05/25,Book Purchase,497.44,
06/05/25,Apollo Pharmacy,1736.45,
07/05/25,Travel Booking,16107.18,
07/05/25,Hotstar Subscription,154.08,
08/05/25,Rapido Bike Taxi,32.11,
08/05/25,1mg Medicine Order,854.13,
09/05/25,School Fees,5521.51,
10/05/25,Petrol / Diesel,3231.88,
10/05/25,Spotify Premium,119.0,
11/05/25,BookMyShow Tickets,567.04,
12/05/25,Online Course,2873.74,
12/05/25,Online Course,2255.37,
13/05/25,Zomato Food Delivery,616.09,
14/05/25,BookMyShow Tickets,1027.38,
15/05/25,Myntra Fashion,773.86,
15/05/25,Airtel Mobile Bill,762.65,
16/05/25,Metro Card Recharge,772.88,
16/05/25,Interest Credit,,2585.99
16/05/25,Interest Credit,,806.45
17/05/25,Rental Income,,10759.9
18/05/25,House Rent,18747.35,
18/05/25,Rental Income,,22479.78
18/05/25,Maintenance Charges,2454.7,
18/05/25,BookMyShow Tickets,849.68,
18/05/25,Metro Card Recharge,884.15,
19/05/25,Uber Ride,315.33,
19/05/25,Amazon Prime,280.25,
20/05/25,Jio Recharge,423.72,
20/05/25,Cashback Credit,,381.36
20/05/25,Myntra Fashion,1929.7,
20/05/25,Hotel Stay,7208.85,
21/05/25,Amazon Purchase,5154.16,
22/05/25,Hotel Stay,3321.81,
22/05/25,Netflix Subscription,602.23,
22/05/25,Zomato Food Delivery,233.59,
23/05/25,Freelance Payment,,20433.42
23/05/25,Flipkart Order,3231.0,
23/05/25,Meesho Order,1371.27,
24/05/25,Gaming Recharge,1634.09,
24/05/25,Bonus Credit,,8914.76
24/05/25,Restaurant Dinner,2866.27,
25/05/25,DMart Purchase,2767.4,
25/05/25,Restaurant Dinner,1960.08,
25/05/25,Hotel Stay,2734.69,
25/05/25,Petrol / Diesel,3095.58,
25/05/25,Transfer Received,,38003.57
25/05/25,Travel Booking,7538.56,
25/05/25,Bonus Credit,,28372.2
27/05/25,Book Purchase,1281.03,
28/05/25,Ajio Clothing,3386.09,
28/05/25,Flipkart Order,5711.15,
28/05/25,Newspaper Subscription,269.61,
29/05/25,Zomato Food Delivery,733.55,
29/05/25,Rapido Bike Taxi,135.21,
30/05/25,YouTube Premium,139.0,
31/05/25,Spotify Premium,119.0,
31/05/25,Interest Credit,,1364.33
01/06/25,Rental Income,,10301.48
02/06/25,More Supermarket,881.44,
04/06/25,Ajio Clothing,1720.77,
04/06/25,Rapido Bike Taxi,56.07,
04/06/25,Maintenance Charges,1110.14,
04/06/25,UPI Received,,19584.2
05/06/25,Hotstar Subscription,453.52,
05/06/25,Rapido Bike Taxi,98.42,
05/06/25,Water Bill,445.65,
05/06/25,Newspaper Subscription,250.3,
06/06/25,Gym Membership,1316.31,
06/06/25,Dividend Credit,,14603.67
07/06/25,Freelance Payment,,14348.93
08/06/25,Doctor Consultation,632.81,
08/06/25,Coffee Shop,142.46,
09/06/25,Metro Card Recharge,755.94,
09/06/25,ATM Withdrawal,2703.38,
10/06/25,Netflix Subscription,524.37,
10/06/25,Bonus Credit,,7366.91
11/06/25,House Rent,13806.84,
11/06/25,Freelance Payment,,7318.86
11/06/25,Spotify Premium,119.0,
11/06/25,Netflix Subscription,450.56,
11/06/25,Water Bill,428.12,
12/06/25,Flipkart Order,3100.85,
12/06/25,Travel Booking,8131.27,
12/06/25,Apollo Pharmacy,682.88,
13/06/25,BookMyShow Tickets,1344.04,
13/06/25,Electricity Bill,2112.12,
13/06/25,Netflix Subscription,398.28,
14/06/25,Airtel Mobile Bill,950.67,
14/06/25,Amazon Purchase,7067.03,
15/06/25,Electricity Bill,1297.51,
15/06/25,Hotel Stay,6863.67,
15/06/25,Newspaper Subscription,105.2,
15/06/25,Dividend Credit,,14299.76
16/06/25,Reliance Fresh,1400.59,
16/06/25,1mg Medicine Order,799.9,
16/06/25,BookMyShow Tickets,1016.37,
17/06/25,Doctor Consultation,1472.0,
18/06/25,ATM Withdrawal,2848.57,
18/06/25,PVR Cinemas,330.13,
18/06/25,Maintenance Charges,964.24,
18/06/25,Spa Treatment,1515.8,
19/06/25,Doctor Consultation,1687.75,
20/06/25,UPI Received,,2534.29
21/06/25,Rapido Bike Taxi,162.49,
22/06/25,Gym Membership,1047.44,
22/06/25,Transfer Received,,44668.41
22/06/25,Meesho Order,1247.04,
23/06/25,Reliance Fresh,1190.61,
23/06/25,Hotel Stay,4210.07,
24/06/25,More Supermarket,155.5,
24/06/25,House Rent,15308.65,
24/06/25,Hotel Stay,5370.49,
24/06/25,PVR Cinemas,701.35,
24/06/25,Dividend Credit,,8573.54
26/06/25,ATM Withdrawal,780.71,
26/06/25,Hotstar Subscription,470.44,
28/06/25,Hotel Stay,8482.16,
29/06/25,School Fees,12754.26,
29/06/25,PVR Cinemas,642.8,
30/06/25,Hotstar Subscription,726.42,
30/06/25,Metro Card Recharge,513.87,
01/07/25,Freelance Payment,,29634.17
01/07/25,Spotify Premium,119.0,
02/07/25,Insurance Premium,5580.66,
02/07/25,Netflix Subscription,467.75,
03/07/25,Salary Credit,,116373.04
03/07/25,Hotstar Subscription,448.19,
03/07/25,Flipkart Order,1774.73,
03/07/25,Salary Credit,,41597.39
04/07/25,More Supermarket,1766.67,
05/07/25,Restaurant Dinner,1217.0,
05/07/25,Refund Credit,,374.97
07/07/25,UPI Received,,5146.12
08/07/25,Parking Charges,81.59,
10/07/25,Insurance Premium,9196.98,
10/07/25,Hotel Stay,9542.24,
10/07/25,School Fees,4189.37,
10/07/25,Book Purchase,237.96,
11/07/25,UPI Received,,11210.35
11/07/25,Interest Credit,,1350.76
14/07/25,Coffee Shop,94.82,
15/07/25,Rapido Bike Taxi,132.8,
15/07/25,Maintenance Charges,1834.61,
17/07/25,Gym Membership,1367.18,
17/07/25,Flipkart Order,3446.09,
17/07/25,Doctor Consultation,1095.0,
18/07/25,Metro Card Recharge,218.75,
18/07/25,Water Bill,730.83,
19/07/25,DMart Purchase,1492.78,
19/07/25,Jio Recharge,589.18,
19/07/25,Meesho Order,489.91,
19/07/25,Flipkart Order,3110.86,
20/07/25,Newspaper Subscription,250.62,
20/07/25,DMart Purchase,1679.97,
21/07/25,Water Bill,746.69,
22/07/25,Dividend Credit,,11220.12
22/07/25,Apollo Pharmacy,1958.93,
23/07/25,Travel Booking,18539.26,
23/07/25,Rapido Bike Taxi,171.93,
24/07/25,Electricity Bill,948.65,
24/07/25,Water Bill,750.78,
25/07/25,Parking Charges,276.75,
27/07/25,Netflix Subscription,325.0,
27/07/25,Freelance Payment,,5426.1
27/07/25,Meesho Order,1081.42,
27/07/25,House Rent,13924.85,
27/07/25,Online Course,4441.95,
27/07/25,Apollo Pharmacy,416.08,
28/07/25,Reliance Fresh,821.89,
29/07/25,Ola Cab,230.33,
30/07/25,BigBasket Groceries,2056.09,
30/07/25,Hair Salon,448.83,
30/07/25,Uber Ride,314.5,
30/07/25,Coffee Shop,95.83,
30/07/25,DMart Purchase,2392.37,
31/07/25,Doctor Consultation,498.22,
01/08/25,Amazon Purchase,1703.74,
01/08/25,Insurance Premium,4142.57,
01/08/25,Book Purchase,1139.69,
01/08/25,Maintenance Charges,2614.55,
02/08/25,Spotify Premium,119.0,
02/08/25,Doctor Consultation,1217.14,
02/08/25,Dividend Credit,,11566.66
02/08/25,Refund Credit,,2385.0
02/08/25,Coffee Shop,496.43,
03/08/25,House Rent,24119.71,
04/08/25,Interest Credit,,888.4
04/08/25,Reliance Fresh,1702.36,
04/08/25,ATM Withdrawal,3219.99,
04/08/25,Maintenance Charges,944.37,
06/08/25,Hotstar Subscription,881.77,
06/08/25,Electricity Bill,2110.5,
06/08/25,Reliance Fresh,1573.15,
07/08/25,Airtel Mobile Bill,864.1,
09/08/25,Myntra Fashion,1710.94,
09/08/25,Interest Credit,,1784.7
09/08/25,Newspaper Subscription,213.07,
09/08/25,ATM Withdrawal,4604.0,
09/08/25,ATM Withdrawal,4257.3,
10/08/25,Parking Charges,96.98,
10/08/25,Reliance Fresh,1381.51,
10/08/25,School Fees,12232.98,
10/08/25,Book Purchase,442.13,
11/08/25,Travel Booking,13059.24,
11/08/25,Netflix Subscription,543.61,
12/08/25,Restaurant Dinner,433.63,
12/08/25,Rapido Bike Taxi,145.17,
13/08/25,Book Purchase,537.96,
13/08/25,Ajio Clothing,3103.7,
13/08/25,Maintenance Charges,581.01,
14/08/25,BigBasket Groceries,2881.86,
14/08/25,Meesho Order,998.79,
16/08/25,Gym Membership,1117.04,
16/08/25,Travel Booking,16435.12,
17/08/25,Gaming Recharge,1061.9,
18/08/25,DMart Purchase,2291.97,
18/08/25,Rental Income,,9550.09
19/08/25,Interest Credit,,1325.1
19/08/25,Reliance Fresh,1453.68,
20/08/25,Book Purchase,1283.54,
20/08/25,1mg Medicine Order,123.76,
20/08/25,Hotstar Subscription,173.45,
21/08/25,Reliance Fresh,220.4,
22/08/25,Flipkart Order,4440.19,
23/08/25,DMart Purchase,300.02,
24/08/25,Book Purchase,400.1,
25/08/25,Salary Credit,,49013.35
25/08/25,More Supermarket,373.35,
26/08/25,More Supermarket,1430.34,
26/08/25,Uber Ride,214.91,
26/08/25,Amazon Prime,880.04,
27/08/25,Apollo Pharmacy,1637.97,
27/08/25,Apollo Pharmacy,1236.87,
27/08/25,Meesho Order,532.63,
28/08/25,Restaurant Dinner,2798.14,
28/08/25,Cashback Credit,,895.52
28/08/25,Zomato Food Delivery,618.62,
29/08/25,Metro Card Recharge,423.19,
31/08/25,BookMyShow Tickets,668.47,
31/08/25,School Fees,14460.03,
31/08/25,Meesho Order,1815.25,
01/09/25,Jio Recharge,429.32,
01/09/25,Zomato Food Delivery,124.19,
02/09/25,House Rent,23481.34,
02/09/25,Refund Credit,,1597.85
02/09/25,Petrol / Diesel,1825.74,
02/09/25,Gaming Recharge,1238.58,
03/09/25,DMart Purchase,2967.67,
03/09/25,Newspaper Subscription,169.04,
03/09/25,Reliance Fresh,268.25,
03/09/25,Gym Membership,781.99,
03/09/25,Amazon Purchase,4966.04,
04/09/25,Gym Membership,1205.25,
05/09/25,YouTube Premium,139.0,
05/09/25,Metro Card Recharge,211.09,
07/09/25,Zomato Food Delivery,367.22,
08/09/25,Spa Treatment,2664.87,
08/09/25,PVR Cinemas,736.71,
09/09/25,Amazon Prime,870.48,
09/09/25,Transfer Received,,43010.76
10/09/25,Restaurant Dinner,2654.5,
11/09/25,ATM Withdrawal,3902.05,
12/09/25,YouTube Premium,139.0,
12/09/25,Cashback Credit,,440.49
13/09/25,YouTube Premium,139.0,
13/09/25,Uber Ride,507.17,
14/09/25,Meesho Order,1365.65,
15/09/25,Flipkart Order,4234.85,
15/09/25,Freelance Payment,,9531.93
16/09/25,ATM Withdrawal,4130.22,
16/09/25,Reliance Fresh,1750.39,
17/09/25,BigBasket Groceries,2186.8,
17/09/25,UPI Received,,6017.49
18/09/25,Reliance Fresh,827.07,
18/09/25,Myntra Fashion,2778.3,
18/09/25,Restaurant Dinner,928.73,
20/09/25,House Rent,17975.44,
21/09/25,School Fees,11597.49,
24/09/25,DMart Purchase,1270.79,
24/09/25,Book Purchase,1424.29,
25/09/25,Flipkart Order,5187.13,
25/09/25,Book Purchase,1172.85,
26/09/25,Metro Card Recharge,607.94,
27/09/25,Amazon Prime,975.58,
28/09/25,Reliance Fresh,1854.6,
28/09/25,Spotify Premium,119.0,
01/10/25,Reliance Fresh,601.51,
01/10/25,Book Purchase,627.13,
02/10/25,BookMyShow Tickets,385.47,
02/10/25,Newspaper Subscription,296.84,
02/10/25,Salary Credit,,48016.0
02/10/25,Freelance Payment,,25752.14
02/10/25,Amazon Purchase,2183.88,
02/10/25,Doctor Consultation,1054.1,
02/10/25,Netflix Subscription,230.56,
03/10/25,School Fees,11543.43,
03/10/25,Coffee Shop,121.36,
04/10/25,Spotify Premium,119.0,
04/10/25,Water Bill,235.89,
04/10/25,Book Purchase,1128.15,
04/10/25,Hotstar Subscription,414.76,
06/10/25,Hair Salon,569.3,
06/10/25,Hotstar Subscription,668.84,
06/10/25,Metro Card Recharge,398.22,
08/10/25,House Rent,24797.92,
09/10/25,Electricity Bill,4354.05,
09/10/25,Hair Salon,401.89,
10/10/25,Salary Credit,,71636.33
10/10/25,Water Bill,442.95,
12/10/25,Amazon Purchase,5626.14,
12/10/25,Hair Salon,1475.2,
12/10/25,Petrol / Diesel,3325.28,
15/10/25,Book Purchase,1460.72,
15/10/25,Bonus Credit,,22783.06
15/10/25,Hair Salon,810.82,
16/10/25,Meesho Order,986.82,
16/10/25,Hotel Stay,7041.6,
17/10/25,Ajio Clothing,1094.19,
18/10/25,Refund Credit,,4376.92
18/10/25,Interest Credit,,1930.59
18/10/25,Amazon Prime,617.79,
18/10/25,Jio Recharge,471.39,
19/10/25,Myntra Fashion,3036.01,
19/10/25,Restaurant Dinner,2768.16,
20/10/25,Parking Charges,93.11,
21/10/25,Rapido Bike Taxi,194.39,
21/10/25,Book Purchase,681.13,
22/10/25,DMart Purchase,916.44,
22/10/25,Newspaper Subscription,238.03,
23/10/25,Interest Credit,,1426.1
23/10/25,Spa Treatment,2118.62,
23/10/25,Petrol / Diesel,1080.43,
24/10/25,Travel Booking,2389.01,
24/10/25,PVR Cinemas,268.37,
25/10/25,Petrol / Diesel,3633.62,
26/10/25,Hair Salon,228.3,
28/10/25,Cashback Credit,,101.36
29/10/25,Water Bill,421.24,
29/10/25,Freelance Payment,,25050.52
29/10/25,Newspaper Subscription,129.85,
31/10/25,Reliance Fresh,1710.24,
31/10/25,Ajio Clothing,947.32,
31/10/25,Online Course,4197.82,
03/11/25,Book Purchase,847.23,
03/11/25,Petrol / Diesel,764.49,
03/11/25,Amazon Purchase,4507.61,
04/11/25,Coffee Shop,482.0,
04/11/25,Refund Credit,,1049.14
04/11/25,Parking Charges,95.47,
05/11/25,1mg Medicine Order,1006.61,
06/11/25,Dividend Credit,,14109.76
06/11/25,Insurance Premium,9152.8,
07/11/25,UPI Received,,14902.77
07/11/25,Bonus Credit,,21884.63
08/11/25,Swiggy Order,720.82,
08/11/25,Freelance Payment,,19815.26
08/11/25,Bonus Credit,,16241.58
09/11/25,Transfer Received,,37954.33
10/11/25,House Rent,22832.9,
10/11/25,Rapido Bike Taxi,194.88,
10/11/25,School Fees,11217.65,
10/11/25,Uber Ride,420.3,
10/11/25,Refund Credit,,3958.37
11/11/25,Apollo Pharmacy,1963.59,
11/11/25,Reliance Fresh,446.74,
11/11/25,Amazon Purchase,833.88,
11/11/25,Book Purchase,1251.9,
13/11/25,Zomato Food Delivery,529.42,
15/11/25,More Supermarket,399.23,
15/11/25,Online Course,4322.35,
15/11/25,Flipkart Order,2108.15,
17/11/25,Electricity Bill,1108.67,
17/11/25,More Supermarket,1378.14,
18/11/25,Meesho Order,575.62,
19/11/25,BookMyShow Tickets,1457.61,
20/11/25,Maintenance Charges,1222.92,
21/11/25,Ajio Clothing,3313.25,
23/11/25,Apollo Pharmacy,290.86,
23/11/25,Hair Salon,628.79,
23/11/25,Airtel Mobile Bill,684.56,
24/11/25,Myntra Fashion,3133.81,
24/11/25,Flipkart Order,5281.83,
25/11/25,Transfer Received,,26422.52
26/11/25,Uber Ride,100.27,
27/11/25,1mg Medicine Order,721.71,
29/11/25,Coffee Shop,290.11,
30/11/25,PVR Cinemas,439.76,
30/11/25,Rental Income,,15921.97
01/12/25,Myntra Fashion,3500.86,
01/12/25,Amazon Prime,975.31,
02/12/25,Dividend Credit,,7515.68
02/12/25,1mg Medicine Order,1160.26,
03/12/25,Bonus Credit,,7598.74
03/12/25,Interest Credit,,1386.82
04/12/25,Restaurant Dinner,1895.84,
05/12/25,School Fees,13105.91,
05/12/25,Maintenance Charges,2365.25,
06/12/25,Flipkart Order,2110.53,
06/12/25,Myntra Fashion,1111.57,
06/12/25,Interest Credit,,1352.65
07/12/25,Meesho Order,366.55,
07/12/25,Meesho Order,421.53,
08/12/25,Restaurant Dinner,2865.49,
09/12/25,DMart Purchase,861.9,
09/12/25,Water Bill,476.77,
10/12/25,Travel Booking,15276.65,
10/12/25,Gaming Recharge,1979.63,
11/12/25,Amazon Purchase,4705.66,
12/12/25,Zomato Food Delivery,791.91,
12/12/25,Myntra Fashion,3503.31,
12/12/25,Parking Charges,244.15,
13/12/25,Ola Cab,499.11,
13/12/25,Bonus Credit,,27449.55
14/12/25,Ola Cab,387.93,
15/12/25,Hotstar Subscription,789.65,
15/12/25,Book Purchase,369.31,
17/12/25,Electricity Bill,1444.35,
18/12/25,Refund Credit,,1432.58
18/12/25,Metro Card Recharge,971.78,
18/12/25,Newspaper Subscription,190.7,
20/12/25,Metro Card Recharge,765.99,
20/12/25,Refund Credit,,4382.87
20/12/25,Electricity Bill,4256.71,
20/12/25,Maintenance Charges,1064.8,
20/12/25,Hair Salon,541.36,
20/12/25,BigBasket Groceries,2407.97,
20/12/25,PVR Cinemas,612.41,
20/12/25,Netflix Subscription,439.62,
21/12/25,UPI Received,,8719.6
22/12/25,Dividend Credit,,14347.59
23/12/25,Hotstar Subscription,783.7,
23/12/25,ATM Withdrawal,2759.43,
23/12/25,Rapido Bike Taxi,198.53,
23/12/25,Myntra Fashion,3196.56,
24/12/25,ATM Withdrawal,935.73,
25/12/25,Petrol / Diesel,1613.15,
25/12/25,Reliance Fresh,635.38,
26/12/25,Ola Cab,133.71,
27/12/25,Rapido Bike Taxi,67.79,
28/12/25,Online Course,4682.16,
29/12/25,Jio Recharge,538.12,
29/12/25,Travel Booking,11579.28,
29/12/25,Electricity Bill,4285.99,
30/12/25,BigBasket Groceries,2427.77,
30/12/25,1mg Medicine Order,1012.6,
31/12/25,Transfer Received,,25496.76
