Posting Date,Transaction Details,Withdrawal Amt(INR),Deposit Amt(INR)
01 Apr 2022,Reliance Fresh,1020.83,
01 Apr 2022,Flipkart Order,5857.15,
01 Apr 2022,Metro Card Recharge,887.82,
01 Apr 2022,Metro Card Recharge,241.53,
02 Apr 2022,Gaming Recharge,1478.09,
03 Apr 2022,Meesho Order,727.78,
03 Apr 2022,Online Course,1513.54,
03 Apr 2022,Flipkart Order,3854.95,
03 Apr 2022,Doctor Consultation,756.85,
03 Apr 2022,Cashback Credit,,301.33
03 Apr 2022,Flipkart Order,2987.74,
04 Apr 2022,Ola Cab,161.38,
04 Apr 2022,Book Purchase,1007.46,
05 Apr 2022,House Rent,12167.13,
06 Apr 2022,Netflix Subscription,554.16,
06 Apr 2022,Book Purchase,1371.98,
06 Apr 2022,Water Bill,572.77,
06 Apr 2022,Meesho Order,1542.18,
07 Apr 2022,School Fees,13082.31,
09 Apr 2022,Insurance Premium,9418.33,
09 Apr 2022,Parking Charges,218.67,
09 Apr 2022,Freelance Payment,,29241.51
09 Apr 2022,Jio Recharge,231.70,
10 Apr 2022,Dividend Credit,,7671.45
10 Apr 2022,Coffee Shop,208.40,
11 Apr 2022,Amazon Prime,503.88,
11 Apr 2022,Water Bill,547.43,
11 Apr 2022,Hotel Stay,6506.06,
12 Apr 2022,BigBasket Groceries,1412.44,
13 Apr 2022,PVR Cinemas,389.38,
13 Apr 2022,Coffee Shop,378.11,
13 Apr 2022,ATM Withdrawal,1844.21,
13 Apr 2022,Metro Card Recharge,350.69,
14 Apr 2022,Interest Credit,,2917.57
16 Apr 2022,School Fees,8761.66,
16 Apr 2022,More Supermarket,221.26,
16 Apr 2022,Jio Recharge,595.21,
16 Apr 2022,1mg Medicine Order,998.02,
16 Apr 2022,Airtel Mobile Bill,509.98,
17 Apr 2022,Travel Booking,6194.15,
19 Apr 2022,Ola Cab,476.00,
20 Apr 2022,Spotify Premium,119.00,
21 Apr 2022,Book Purchase,476.69,
22 Apr 2022,Apollo Pharmacy,1146.19,
22 Apr 2022,Zomato Food Delivery,624.33,
22 Apr 2022,Apollo Pharmacy,722.13,
23 Apr 2022,Insurance Premium,8083.73,
24 Apr 2022,Electricity Bill,4549.09,
25 Apr 2022,Apollo Pharmacy,901.30,
26 Apr 2022,Netflix Subscription,357.08,
26 Apr 2022,Myntra Fashion,2089.75,
27 Apr 2022,BookMyShow Tickets,433.97,
27 Apr 2022,Bonus Credit,,9670.96
28 Apr 2022,Uber Ride,585.23,
28 Apr 2022,Insurance Premium,1016.42,
29 Apr 2022,Electricity Bill,3339.89,
30 Apr 2022,Hotstar Subscription,692.82,
01 May 2022,Gym Membership,739.75,
02 May 2022,Gym Membership,1583.55,
03 May 2022,Cashback Credit,,582.17
03 May 2022,Netflix Subscription,279.01,
06 May 2022,Ola Cab,190.75,
06 May 2022,Uber Ride,468.53,
06 May 2022,Parking Charges,265.49,
07 May 2022,1mg Medicine Order,1083.96,
07 May 2022,YouTube Premium,139.00,
07 May 2022,Restaurant Dinner,2865.79,
08 May 2022,Online Course,561.16,
08 May 2022,Swiggy Order,563.42,
08 May 2022,Jio Recharge,553.42,
09 May 2022,Newspaper Subscription,191.69,
09 May 2022,Rental Income,,5445.90
10 May 2022,DMart Purchase,1782.64,
11 May 2022,BookMyShow Tickets,381.64,
12 May 2022,More Supermarket,1015.32,
13 May 2022,Newspaper Subscription,174.27,
13 May 2022,Interest Credit,,1048.72
14 May 2022,Airtel Mobile Bill,863.68,
14 May 2022,Meesho Order,1287.88,
15 May 2022,YouTube Premium,139.00,
15 May 2022,Zomato Food Delivery,489.20,
15 May 2022,Myntra Fashion,782.62,
15 May 2022,Uber Ride,206.26,
18 May 2022,Apollo Pharmacy,529.07,
19 May 2022,Jio Recharge,529.32,
20 May 2022,Parking Charges,108.35,
20 May 2022,Rapido Bike Taxi,85.79,
20 May 2022,Spa Treatment,2112.96,
20 May 2022,Jio Recharge,245.34,
21 May 2022,Transfer Received,,15889.76
21 May 2022,Rental Income,,8766.70
22 May 2022,Petrol / Diesel,3532.62,
23 May 2022,YouTube Premium,139.00,
23 May 2022,DMart Purchase,2398.73,
25 May 2022,Book Purchase,251.65,
26 May 2022,YouTube Premium,139.00,
27 May 2022,Bonus Credit,,24827.47
27 May 2022,Parking Charges,153.46,
28 May 2022,BookMyShow Tickets,360.21,
28 May 2022,Ola Cab,191.32,
29 May 2022,Amazon Purchase,654.95,
29 May 2022,More Supermarket,1657.64,
29 May 2022,Water Bill,439.77,
30 May 2022,Dividend Credit,,11038.02
30 May 2022,Restaurant Dinner,553.81,
30 May 2022,PVR Cinemas,455.78,
31 May 2022,House Rent,29211.99,
31 May 2022,Myntra Fashion,2517.26,
01 Jun 2022,More Supermarket,204.54,
01 Jun 2022,Salary Credit,,109010.47
02 Jun 2022,Flipkart Order,755.28,
02 Jun 2022,BookMyShow Tickets,1221.09,
03 Jun 2022,Maintenance Charges,1802.49,
03 Jun 2022,Freelance Payment,,29525.69
03 Jun 2022,Flipkart Order,5886.06,
03 Jun 2022,Parking Charges,288.33,
03 Jun 2022,Newspaper Subscription,164.59,
03 Jun 2022,More Supermarket,1649.01,
03 Jun 2022,School Fees,5245.81,
04 Jun 2022,Restaurant Dinner,1737.54,
04 Jun 2022,Online Course,1535.44,
05 Jun 2022,1mg Medicine Order,156.62,
05 Jun 2022,Jio Recharge,400.50,
05 Jun 2022,Hotstar Subscription,695.84,
06 Jun 2022,YouTube Premium,139.00,
06 Jun 2022,Meesho Order,1512.70,
06 Jun 2022,Swiggy Order,332.55,
09 Jun 2022,Travel Booking,18311.88,
09 Jun 2022,Netflix Subscription,321.57,
10 Jun 2022,Petrol / Diesel,545.17,
10 Jun 2022,Gym Membership,2084.76,
11 Jun 2022,Hotel Stay,9979.68,
11 Jun 2022,Interest Credit,,2150.64
11 Jun 2022,BookMyShow Tickets,382.49,
11 Jun 2022,Netflix Subscription,443.08,
13 Jun 2022,Airtel Mobile Bill,707.17,
13 Jun 2022,BigBasket Groceries,2697.81,
14 Jun 2022,Transfer Received,,13908.64
15 Jun 2022,PVR Cinemas,357.74,
15 Jun 2022,Electricity Bill,4546.35,
15 Jun 2022,Petrol / Diesel,2390.45,
16 Jun 2022,Jio Recharge,359.16,
17 Jun 2022,Netflix Subscription,398.06,
17 Jun 2022,Hotstar Subscription,517.22,
17 Jun 2022,Rapido Bike Taxi,35.75,
17 Jun 2022,UPI Received,,10934.80
18 Jun 2022,Restaurant Dinner,2594.49,
18 Jun 2022,BigBasket Groceries,3261.22,
18 Jun 2022,Maintenance Charges,2022.65,
20 Jun 2022,Online Course,2297.25,
21 Jun 2022,Interest Credit,,2147.27
21 Jun 2022,Parking Charges,203.25,
22 Jun 2022,Maintenance Charges,903.20,
22 Jun 2022,Rental Income,,9388.49
24 Jun 2022,Myntra Fashion,3153.96,
24 Jun 2022,Transfer Received,,10252.86
24 Jun 2022,Airtel Mobile Bill,315.36,
25 Jun 2022,BookMyShow Tickets,212.99,
26 Jun 2022,Airtel Mobile Bill,970.92,
26 Jun 2022,Spa Treatment,2809.55,
27 Jun 2022,Water Bill,627.41,
27 Jun 2022,Uber Ride,106.46,
27 Jun 2022,Ola Cab,201.13,
27 Jun 2022,Bonus Credit,,10596.57
27 Jun 2022,Book Purchase,699.05,
28 Jun 2022,ATM Withdrawal,3312.86,
29 Jun 2022,DMart Purchase,2488.09,
29 Jun 2022,Water Bill,723.14,
29 Jun 2022,PVR Cinemas,727.97,
03 Jul 2022,Parking Charges,158.90,
03 Jul 2022,Salary Credit,,92574.97
03 Jul 2022,Water Bill,562.59,
03 Jul 2022,Myntra Fashion,3724.63,
04 Jul 2022,Coffee Shop,185.13,
04 Jul 2022,Dividend Credit,,1125.93
05 Jul 2022,School Fees,12027.51,
05 Jul 2022,Flipkart Order,4665.18,
06 Jul 2022,Bonus Credit,,27939.35
06 Jul 2022,Coffee Shop,232.99,
07 Jul 2022,Jio Recharge,552.18,
07 Jul 2022,Rental Income,,19404.58
07 Jul 2022,Maintenance Charges,1900.60,
08 Jul 2022,Hotel Stay,8851.52,
09 Jul 2022,Cashback Credit,,186.80
09 Jul 2022,UPI Received,,12335.29
10 Jul 2022,Travel Booking,5686.03,
10 Jul 2022,School Fees,13080.83,
10 Jul 2022,Amazon Purchase,1591.34,
11 Jul 2022,BookMyShow Tickets,817.87,
12 Jul 2022,Gym Membership,2155.67,
12 Jul 2022,Swiggy Order,257.09,
12 Jul 2022,Spa Treatment,1703.55,
13 Jul 2022,Jio Recharge,376.02,
13 Jul 2022,House Rent,10429.09,
13 Jul 2022,Refund Credit,,4691.09
14 Jul 2022,Amazon Prime,256.88,
14 Jul 2022,More Supermarket,465.55,
15 Jul 2022,Petrol / Diesel,1613.13,
17 Jul 2022,Book Purchase,363.57,
17 Jul 2022,Water Bill,208.61,
19 Jul 2022,Insurance Premium,6416.47,
20 Jul 2022,Refund Credit,,3819.48
20 Jul 2022,Zomato Food Delivery,246.18,
20 Jul 2022,Airtel Mobile Bill,339.19,
21 Jul 2022,UPI Received,,15112.11
24 Jul 2022,Parking Charges,233.81,
24 Jul 2022,Ajio Clothing,1193.98,
24 Jul 2022,Ola Cab,495.66,
25 Jul 2022,More Supermarket,911.38,
27 Jul 2022,Flipkart Order,2210.24,
28 Jul 2022,More Supermarket,1050.18,
28 Jul 2022,Water Bill,210.82,
28 Jul 2022,Reliance Fresh,1533.44,
28 Jul 2022,Amazon Prime,575.89,
29 Jul 2022,Uber Ride,466.15,
29 Jul 2022,BigBasket Groceries,3514.36,
30 Jul 2022,Spotify Premium,119.00,
30 Jul 2022,Cashback Credit,,540.75
01 Aug 2022,Online Course,4213.30,
01 Aug 2022,Rapido Bike Taxi,141.57,
02 Aug 2022,Dividend Credit,,12148.65
03 Aug 2022,Gym Membership,1071.47,
05 Aug 2022,Metro Card Recharge,902.67,
05 Aug 2022,Ajio Clothing,3333.90,
05 Aug 2022,DMart Purchase,1821.29,
06 Aug 2022,Gaming Recharge,61.21,
07 Aug 2022,Refund Credit,,4698.73
07 Aug 2022,School Fees,5510.32,
07 Aug 2022,Rapido Bike Taxi,47.11,
09 Aug 2022,More Supermarket,774.41,
12 Aug 2022,Spa Treatment,594.11,
12 Aug 2022,Uber Ride,119.63,
12 Aug 2022,Zomato Food Delivery,583.23,
13 Aug 2022,Gaming Recharge,1029.28,
14 Aug 2022,Apollo Pharmacy,642.97,
14 Aug 2022,Spa Treatment,2867.44,
15 Aug 2022,Coffee Shop,259.24,
15 Aug 2022,Reliance Fresh,1864.24,
16 Aug 2022,ATM Withdrawal,3782.63,
16 Aug 2022,Myntra Fashion,3345.12,
17 Aug 2022,Electricity Bill,3101.88,
17 Aug 2022,More Supermarket,1049.09,
17 Aug 2022,Rental Income,,10599.11
18 Aug 2022,1mg Medicine Order,971.56,
18 Aug 2022,Book Purchase,397.52,
18 Aug 2022,Myntra Fashion,3189.41,
20 Aug 2022,Apollo Pharmacy,1666.29,
20 Aug 2022,1mg Medicine Order,803.91,
20 Aug 2022,Bonus Credit,,41470.02
20 Aug 2022,Hotstar Subscription,177.02,
22 Aug 2022,Flipkart Order,2880.42,
22 Aug 2022,BigBasket Groceries,2560.12,
23 Aug 2022,Uber Ride,248.12,
23 Aug 2022,Gaming Recharge,1923.33,
23 Aug 2022,Petrol / Diesel,540.69,
24 Aug 2022,Apollo Pharmacy,1948.77,
24 Aug 2022,Hotstar Subscription,636.20,
25 Aug 2022,Meesho Order,1614.05,
25 Aug 2022,Swiggy Order,218.54,
25 Aug 2022,Maintenance Charges,2765.34,
25 Aug 2022,Ajio Clothing,426.86,
26 Aug 2022,Spotify Premium,119.00,
27 Aug 2022,Restaurant Dinner,2565.14,
27 Aug 2022,Newspaper Subscription,277.76,
27 Aug 2022,Zomato Food Delivery,455.54,
28 Aug 2022,Spotify Premium,119.00,
28 Aug 2022,Hair Salon,840.94,
28 Aug 2022,DMart Purchase,2350.12,
28 Aug 2022,Jio Recharge,407.37,
29 Aug 2022,1mg Medicine Order,973.91,
30 Aug 2022,Airtel Mobile Bill,873.37,
02 Sep 2022,Meesho Order,580.25,
02 Sep 2022,Swiggy Order,848.52,
02 Sep 2022,Meesho Order,1114.20,
03 Sep 2022,Uber Ride,346.68,
03 Sep 2022,Electricity Bill,1211.34,
03 Sep 2022,Flipkart Order,988.57,
03 Sep 2022,BigBasket Groceries,1785.81,
03 Sep 2022,Amazon Purchase,5578.93,
04 Sep 2022,Electricity Bill,1517.02,
05 Sep 2022,Ola Cab,317.18,
05 Sep 2022,Airtel Mobile Bill,976.47,
07 Sep 2022,Spotify Premium,119.00,
07 Sep 2022,Gym Membership,1772.90,
08 Sep 2022,Restaurant Dinner,1026.66,
08 Sep 2022,Swiggy Order,559.92,
09 Sep 2022,Airtel Mobile Bill,578.31,
10 Sep 2022,Amazon Purchase,5646.20,
10 Sep 2022,Restaurant Dinner,1206.71,
11 Sep 2022,Apollo Pharmacy,1998.85,
11 Sep 2022,Ola Cab,150.83,
11 Sep 2022,Maintenance Charges,1933.81,
12 Sep 2022,Freelance Payment,,23771.59
12 Sep 2022,Electricity Bill,1799.92,
12 Sep 2022,YouTube Premium,139.00,
13 Sep 2022,Metro Card Recharge,884.48,
13 Sep 2022,Rental Income,,24290.16
14 Sep 2022,Transfer Received,,13160.35
14 Sep 2022,Gaming Recharge,1818.38,
14 Sep 2022,ATM Withdrawal,3237.38,
15 Sep 2022,Ola Cab,474.03,
15 Sep 2022,Apollo Pharmacy,943.19,
16 Sep 2022,Cashback Credit,,602.72
16 Sep 2022,More Supermarket,880.51,
17 Sep 2022,Petrol / Diesel,1395.13,
18 Sep 2022,Gaming Recharge,1926.31,
18 Sep 2022,Ajio Clothing,2102.39,
18 Sep 2022,More Supermarket,1785.43,
19 Sep 2022,Ola Cab,441.43,
19 Sep 2022,Electricity Bill,2566.64,
19 Sep 2022,Netflix Subscription,468.48,
20 Sep 2022,PVR Cinemas,361.79,
20 Sep 2022,Ajio Clothing,714.95,
20 Sep 2022,BigBasket Groceries,1526.48,
20 Sep 2022,Myntra Fashion,2419.50,
21 Sep 2022,Coffee Shop,433.19,
22 Sep 2022,Water Bill,470.61,
23 Sep 2022,Hotel Stay,3863.91,
23 Sep 2022,Ajio Clothing,2224.65,
23 Sep 2022,Gym Membership,1282.19,
24 Sep 2022,Reliance Fresh,1889.49,
25 Sep 2022,Flipkart Order,588.38,
25 Sep 2022,Swiggy Order,551.60,
25 Sep 2022,Netflix Subscription,403.19,
25 Sep 2022,Doctor Consultation,649.54,
26 Sep 2022,Gaming Recharge,963.52,
26 Sep 2022,Airtel Mobile Bill,429.63,
26 Sep 2022,Amazon Purchase,2997.04,
27 Sep 2022,Spotify Premium,119.00,
28 Sep 2022,Reliance Fresh,1883.24,
28 Sep 2022,Spa Treatment,2454.19,
28 Sep 2022,Electricity Bill,2229.28,
29 Sep 2022,More Supermarket,455.85,
29 Sep 2022,Meesho Order,1187.71,
29 Sep 2022,Gaming Recharge,544.47,
29 Sep 2022,Doctor Consultation,1822.61,
29 Sep 2022,Travel Booking,12638.69,
30 Sep 2022,Transfer Received,,25340.66
30 Sep 2022,Amazon Prime,871.59,
01 Oct 2022,Spotify Premium,119.00,
01 Oct 2022,School Fees,13244.17,
02 Oct 2022,PVR Cinemas,657.66,
02 Oct 2022,Reliance Fresh,1196.20,
02 Oct 2022,Bonus Credit,,33841.95
02 Oct 2022,Hotstar Subscription,212.36,
02 Oct 2022,BigBasket Groceries,1366.38,
02 Oct 2022,BookMyShow Tickets,528.94,
03 Oct 2022,Water Bill,212.25,
03 Oct 2022,Amazon Purchase,3423.94,
03 Oct 2022,Transfer Received,,9684.50
03 Oct 2022,Hotstar Subscription,503.19,
04 Oct 2022,Bonus Credit,,10492.62
05 Oct 2022,Maintenance Charges,2141.32,
06 Oct 2022,Water Bill,712.16,
07 Oct 2022,Petrol / Diesel,2596.57,
07 Oct 2022,Apollo Pharmacy,1543.74,
08 Oct 2022,Meesho Order,604.40,
09 Oct 2022,Travel Booking,8884.23,
09 Oct 2022,Meesho Order,714.82,
09 Oct 2022,Ola Cab,255.43,
09 Oct 2022,Meesho Order,525.85,
10 Oct 2022,Insurance Premium,4422.14,
10 Oct 2022,Apollo Pharmacy,1446.33,
10 Oct 2022,Cashback Credit,,511.61
11 Oct 2022,1mg Medicine Order,1375.54,
11 Oct 2022,Coffee Shop,96.06,
13 Oct 2022,Newspaper Subscription,276.31,
14 Oct 2022,Hair Salon,1414.49,
14 Oct 2022,Salary Credit,,79917.57
16 Oct 2022,Coffee Shop,358.53,
17 Oct 2022,Hotstar Subscription,799.58,
18 Oct 2022,Reliance Fresh,692.32,
18 Oct 2022,School Fees,8437.10,
18 Oct 2022,PVR Cinemas,572.53,
19 Oct 2022,Gym Membership,1665.51,
19 Oct 2022,Amazon Prime,481.05,
19 Oct 2022,Travel Booking,2219.21,
20 Oct 2022,House Rent,11076.27,
20 Oct 2022,Jio Recharge,434.62,
20 Oct 2022,Restaurant Dinner,2541.00,
21 Oct 2022,DMart Purchase,2573.73,
23 Oct 2022,House Rent,20178.30,
24 Oct 2022,Hotstar Subscription,597.79,
24 Oct 2022,ATM Withdrawal,4828.83,
24 Oct 2022,Metro Card Recharge,229.90,
25 Oct 2022,ATM Withdrawal,2258.09,
25 Oct 2022,Zomato Food Delivery,342.51,
26 Oct 2022,Hotstar Subscription,557.22,
26 Oct 2022,Spa Treatment,2818.25,
27 Oct 2022,BigBasket Groceries,2929.14,
27 Oct 2022,Insurance Premium,1863.03,
28 Oct 2022,School Fees,14570.31,
28 Oct 2022,Book Purchase,231.22,
28 Oct 2022,Cashback Credit,,516.93
29 Oct 2022,Book Purchase,526.19,
29 Oct 2022,Gym Membership,824.44,
30 Oct 2022,School Fees,8989.45,
30 Oct 2022,Meesho Order,986.54,
31 Oct 2022,Flipkart Order,5392.81,
02 Nov 2022,School Fees,5605.82,
02 Nov 2022,Rental Income,,19654.84
02 Nov 2022,Airtel Mobile Bill,569.61,
03 Nov 2022,BookMyShow Tickets,388.60,
04 Nov 2022,More Supermarket,879.65,
04 Nov 2022,More Supermarket,1024.99,
05 Nov 2022,Doctor Consultation,1093.91,
05 Nov 2022,ATM Withdrawal,2412.55,
05 Nov 2022,Spotify Premium,119.00,
06 Nov 2022,BigBasket Groceries,2990.61,
06 Nov 2022,Netflix Subscription,584.83,
06 Nov 2022,Flipkart Order,898.44,
06 Nov 2022,Travel Booking,3934.40,
07 Nov 2022,Salary Credit,,66943.55
07 Nov 2022,Coffee Shop,424.91,
07 Nov 2022,Maintenance Charges,1565.86,
09 Nov 2022,Dividend Credit,,8481.38
09 Nov 2022,Cashback Credit,,340.12
11 Nov 2022,Ajio Clothing,1766.01,
12 Nov 2022,Book Purchase,1293.28,
12 Nov 2022,Doctor Consultation,1674.16,
12 Nov 2022,Flipkart Order,3077.48,
12 Nov 2022,Spotify Premium,119.00,
13 Nov 2022,Freelance Payment,,5506.36
13 Nov 2022,Zomato Food Delivery,693.78,
13 Nov 2022,Interest Credit,,637.26
14 Nov 2022,Spa Treatment,2917.59,
15 Nov 2022,Hotel Stay,4121.64,
16 Nov 2022,Amazon Prime,696.48,
16 Nov 2022,Amazon Prime,903.00,
16 Nov 2022,More Supermarket,168.45,
17 Nov 2022,Myntra Fashion,3037.99,
17 Nov 2022,YouTube Premium,139.00,
18 Nov 2022,Netflix Subscription,549.75,
18 Nov 2022,Zomato Food Delivery,803.81,
19 Nov 2022,Meesho Order,733.93,
19 Nov 2022,Hotel Stay,2201.71,
19 Nov 2022,Zomato Food Delivery,604.67,
20 Nov 2022,Spotify Premium,119.00,
21 Nov 2022,Netflix Subscription,460.38,
21 Nov 2022,Travel Booking,9750.92,
23 Nov 2022,Hotel Stay,4834.72,
24 Nov 2022,Uber Ride,263.77,
24 Nov 2022,Jio Recharge,545.14,
25 Nov 2022,Amazon Prime,257.02,
25 Nov 2022,Refund Credit,,2251.44
25 Nov 2022,BookMyShow Tickets,499.69,
25 Nov 2022,Newspaper Subscription,216.39,
26 Nov 2022,Petrol / Diesel,2871.15,
26 Nov 2022,Meesho Order,1723.46,
26 Nov 2022,YouTube Premium,139.00,
26 Nov 2022,Book Purchase,853.57,
26 Nov 2022,Transfer Received,,8548.17
26 Nov 2022,Spotify Premium,119.00,
27 Nov 2022,Insurance Premium,9657.53,
28 Nov 2022,Newspaper Subscription,226.86,
29 Nov 2022,Travel Booking,6165.09,
29 Nov 2022,Swiggy Order,817.14,
29 Nov 2022,Spotify Premium,119.00,
29 Nov 2022,PVR Cinemas,677.60,
29 Nov 2022,1mg Medicine Order,190.86,
30 Nov 2022,Amazon Prime,762.46,
03 Dec 2022,ATM Withdrawal,4646.57,
03 Dec 2022,ATM Withdrawal,3312.20,
03 Dec 2022,Airtel Mobile Bill,491.72,
04 Dec 2022,Coffee Shop,485.70,
04 Dec 2022,Doctor Consultation,680.04,
04 Dec 2022,Petrol / Diesel,3052.46,
04 Dec 2022,Book Purchase,537.86,
05 Dec 2022,Meesho Order,1230.07,
06 Dec 2022,Spotify Premium,119.00,
07 Dec 2022,ATM Withdrawal,3754.31,
08 Dec 2022,Amazon Prime,764.60,
08 Dec 2022,Ola Cab,445.44,
08 Dec 2022,Cashback Credit,,916.46
08 Dec 2022,Travel Booking,6719.40,
09 Dec 2022,Restaurant Dinner,1049.84,
09 Dec 2022,Airtel Mobile Bill,996.43,
09 Dec 2022,Metro Card Recharge,231.77,
10 Dec 2022,School Fees,7084.12,
10 Dec 2022,Metro Card Recharge,617.49,
10 Dec 2022,Netflix Subscription,356.27,
11 Dec 2022,School Fees,14382.46,
12 Dec 2022,Hotstar Subscription,706.56,
13 Dec 2022,BigBasket Groceries,2106.02,
16 Dec 2022,Hotstar Subscription,406.77,
16 Dec 2022,Spa Treatment,808.16,
16 Dec 2022,Reliance Fresh,494.39,
16 Dec 2022,Ajio Clothing,1140.85,
17 Dec 2022,Reliance Fresh,438.26,
18 Dec 2022,Netflix Subscription,289.84,
19 Dec 2022,Hotstar Subscription,440.84,
20 Dec 2022,Petrol / Diesel,1438.35,
21 Dec 2022,Netflix Subscription,614.28,
21 Dec 2022,Travel Booking,12134.22,
22 Dec 2022,Airtel Mobile Bill,543.29,
22 Dec 2022,Netflix Subscription,504.02,
22 Dec 2022,1mg Medicine Order,580.96,
23 Dec 2022,DMart Purchase,1916.86,
23 Dec 2022,UPI Received,,9091.70
23 Dec 2022,Swiggy Order,294.21,
24 Dec 2022,Rental Income,,11696.05
24 Dec 2022,Book Purchase,1042.86,
24 Dec 2022,Water Bill,585.60,
25 Dec 2022,Hair Salon,392.29,
25 Dec 2022,ATM Withdrawal,1458.06,
26 Dec 2022,Coffee Shop,322.92,
26 Dec 2022,Gaming Recharge,1452.90,
26 Dec 2022,Zomato Food Delivery,439.37,
26 Dec 2022,Jio Recharge,420.99,
27 Dec 2022,School Fees,8545.95,
27 Dec 2022,Spotify Premium,119.00,
28 Dec 2022,YouTube Premium,139.00,
28 Dec 2022,Hair Salon,590.94,
28 Dec 2022,YouTube Premium,139.00,
28 Dec 2022,Cashback Credit,,814.99
28 Dec 2022,Hotstar Subscription,499.96,
29 Dec 2022,YouTube Premium,139.00,
30 Dec 2022,Meesho Order,1917.63,
30 Dec 2022,ATM Withdrawal,1097.87,
31 Dec 2022,Doctor Consultation,1437.08,
31 Dec 2022,Salary Credit,,47691.92
31 Dec 2022,Cashback Credit,,71.93
31 Dec 2022,BookMyShow Tickets,673.31,
01 Jan 2023,Parking Charges,265.57,
01 Jan 2023,1mg Medicine Order,1489.03,
01 Jan 2023,Uber Ride,125.25,
01 Jan 2023,Transfer Received,,4776.87
01 Jan 2023,Parking Charges,298.00,
03 Jan 2023,Water Bill,499.61,
04 Jan 2023,More Supermarket,1450.75,
04 Jan 2023,Ajio Clothing,1468.91,
05 Jan 2023,Book Purchase,1066.04,
05 Jan 2023,Salary Credit,,61227.40
05 Jan 2023,Insurance Premium,9650.06,
06 Jan 2023,Apollo Pharmacy,355.80,
06 Jan 2023,DMart Purchase,2420.95,
06 Jan 2023,Coffee Shop,479.40,
07 Jan 2023,Freelance Payment,,14898.65
07 Jan 2023,Apollo Pharmacy,1030.26,
07 Jan 2023,Coffee Shop,398.52,
07 Jan 2023,PVR Cinemas,686.00,
07 Jan 2023,BigBasket Groceries,1418.78,
07 Jan 2023,House Rent,18309.64,
08 Jan 2023,Book Purchase,1188.18,
08 Jan 2023,School Fees,2592.67,
08 Jan 2023,Ajio Clothing,1380.44,
09 Jan 2023,Electricity Bill,3220.38,
09 Jan 2023,Book Purchase,1140.17,
09 Jan 2023,Amazon Purchase,6307.82,
09 Jan 2023,Insurance Premium,5315.89,
10 Jan 2023,Water Bill,760.92,
10 Jan 2023,DMart Purchase,1109.72,
11 Jan 2023,Cashback Credit,,792.53
11 Jan 2023,Flipkart Order,5543.79,
11 Jan 2023,Zomato Food Delivery,373.26,
11 Jan 2023,DMart Purchase,1623.39,
11 Jan 2023,Ola Cab,115.03,
12 Jan 2023,Jio Recharge,409.65,
13 Jan 2023,Jio Recharge,314.71,
13 Jan 2023,Interest Credit,,2559.05
14 Jan 2023,Netflix Subscription,452.13,
14 Jan 2023,Interest Credit,,815.30
14 Jan 2023,Gaming Recharge,1432.50,
15 Jan 2023,Refund Credit,,3872.30
16 Jan 2023,Petrol / Diesel,1783.32,
16 Jan 2023,PVR Cinemas,501.13,
17 Jan 2023,Interest Credit,,1498.72
17 Jan 2023,Gym Membership,695.82,
17 Jan 2023,Maintenance Charges,731.25,
17 Jan 2023,Parking Charges,97.75,
18 Jan 2023,Hotstar Subscription,496.57,
18 Jan 2023,Gaming Recharge,493.51,
19 Jan 2023,House Rent,21357.25,
19 Jan 2023,Online Course,4167.34,
19 Jan 2023,School Fees,7573.91,
20 Jan 2023,Petrol / Diesel,2860.54,
20 Jan 2023,Hotstar Subscription,314.32,
20 Jan 2023,Doctor Consultation,1217.31,
20 Jan 2023,Petrol / Diesel,2163.12,
20 Jan 2023,Reliance Fresh,189.28,
21 Jan 2023,Netflix Subscription,641.62,
23 Jan 2023,Petrol / Diesel,1901.51,
23 Jan 2023,Coffee Shop,220.62,
23 Jan 2023,Online Course,3447.93,
24 Jan 2023,Flipkart Order,1780.25,
26 Jan 2023,Apollo Pharmacy,788.27,
26 Jan 2023,Uber Ride,116.43,
26 Jan 2023,Reliance Fresh,1547.02,
26 Jan 2023,Spa Treatment,1252.33,
26 Jan 2023,Flipkart Order,5000.76,
27 Jan 2023,Hair Salon,732.52,
27 Jan 2023,Online Course,1452.63,
29 Jan 2023,Online Course,1878.37,
01 Feb 2023,Online Course,849.22,
01 Feb 2023,Maintenance Charges,1504.43,
03 Feb 2023,Spotify Premium,119.00,
03 Feb 2023,Book Purchase,1344.36,
03 Feb 2023,Parking Charges,50.32,
04 Feb 2023,Hotel Stay,2168.90,
04 Feb 2023,Doctor Consultation,1481.90,
06 Feb 2023,Freelance Payment,,8815.13
06 Feb 2023,ATM Withdrawal,2527.64,
06 Feb 2023,ATM Withdrawal,3335.56,
07 Feb 2023,Flipkart Order,5552.99,
07 Feb 2023,Hotel Stay,7286.64,
07 Feb 2023,Water Bill,756.86,
07 Feb 2023,Maintenance Charges,1387.76,
08 Feb 2023,Jio Recharge,327.92,
08 Feb 2023,Myntra Fashion,2130.37,
09 Feb 2023,Ajio Clothing,1533.56,
09 Feb 2023,Apollo Pharmacy,1196.29,
09 Feb 2023,1mg Medicine Order,606.75,
10 Feb 2023,PVR Cinemas,723.93,
10 Feb 2023,Book Purchase,605.40,
10 Feb 2023,PVR Cinemas,462.27,
11 Feb 2023,DMart Purchase,3403.81,
11 Feb 2023,Insurance Premium,6525.46,
15 Feb 2023,Rental Income,,9358.11
15 Feb 2023,Newspaper Subscription,169.19,
15 Feb 2023,Bonus Credit,,11861.79
15 Feb 2023,Rental Income,,24126.95
15 Feb 2023,Apollo Pharmacy,1743.76,
16 Feb 2023,Bonus Credit,,15776.89
17 Feb 2023,YouTube Premium,139.00,
17 Feb 2023,Cashback Credit,,476.45
18 Feb 2023,Transfer Received,,20083.84
18 Feb 2023,Doctor Consultation,1172.06,
19 Feb 2023,ATM Withdrawal,4072.16,
19 Feb 2023,Airtel Mobile Bill,343.62,
19 Feb 2023,Rental Income,,24825.99
20 Feb 2023,ATM Withdrawal,3149.32,
20 Feb 2023,Freelance Payment,,19489.35
21 Feb 2023,ATM Withdrawal,3674.34,
21 Feb 2023,Bonus Credit,,27034.12
24 Feb 2023,Meesho Order,1702.85,
24 Feb 2023,Book Purchase,1231.49,
24 Feb 2023,Amazon Purchase,2110.79,
25 Feb 2023,1mg Medicine Order,1003.73,
25 Feb 2023,Ola Cab,437.05,
26 Feb 2023,Restaurant Dinner,1729.19,
26 Feb 2023,Refund Credit,,304.41
27 Feb 2023,School Fees,11466.61,
27 Feb 2023,Ola Cab,453.01,
28 Feb 2023,Restaurant Dinner,1222.15,
28 Feb 2023,1mg Medicine Order,332.05,
28 Feb 2023,Jio Recharge,307.76,
28 Feb 2023,BigBasket Groceries,450.60,
01 Mar 2023,More Supermarket,1633.84,
01 Mar 2023,Reliance Fresh,459.05,
02 Mar 2023,Meesho Order,352.32,
02 Mar 2023,Zomato Food Delivery,157.46,
02 Mar 2023,Hair Salon,1322.77,
02 Mar 2023,ATM Withdrawal,836.66,
02 Mar 2023,Zomato Food Delivery,537.87,
02 Mar 2023,UPI Received,,5909.12
03 Mar 2023,Amazon Purchase,3741.65,
03 Mar 2023,Electricity Bill,3572.01,
03 Mar 2023,Newspaper Subscription,128.44,
04 Mar 2023,Ola Cab,464.32,
04 Mar 2023,Doctor Consultation,1342.86,
05 Mar 2023,Ola Cab,375.03,
06 Mar 2023,More Supermarket,522.17,
06 Mar 2023,Meesho Order,698.69,
07 Mar 2023,Swiggy Order,542.68,
08 Mar 2023,Ola Cab,90.88,
08 Mar 2023,Jio Recharge,460.02,
09 Mar 2023,DMart Purchase,1195.82,
09 Mar 2023,Salary Credit,,53713.70
10 Mar 2023,Swiggy Order,552.61,
11 Mar 2023,Meesho Order,1329.21,
12 Mar 2023,Spa Treatment,2615.42,
12 Mar 2023,PVR Cinemas,567.65,
12 Mar 2023,Uber Ride,160.70,
12 Mar 2023,Netflix Subscription,391.79,
13 Mar 2023,Coffee Shop,414.82,
13 Mar 2023,House Rent,10870.36,
13 Mar 2023,Spotify Premium,119.00,
14 Mar 2023,Airtel Mobile Bill,907.76,
14 Mar 2023,PVR Cinemas,682.60,
15 Mar 2023,Zomato Food Delivery,503.93,
16 Mar 2023,Zomato Food Delivery,333.70,
16 Mar 2023,Reliance Fresh,608.52,
16 Mar 2023,BookMyShow Tickets,564.14,
16 Mar 2023,Transfer Received,,41775.46
17 Mar 2023,Book Purchase,871.57,
17 Mar 2023,BigBasket Groceries,2790.11,
17 Mar 2023,House Rent,16227.08,
18 Mar 2023,Interest Credit,,2371.66
18 Mar 2023,Book Purchase,1024.33,
20 Mar 2023,Refund Credit,,4639.36
20 Mar 2023,Ola Cab,451.03,
20 Mar 2023,Flipkart Order,4079.29,
20 Mar 2023,Amazon Prime,399.03,
20 Mar 2023,Airtel Mobile Bill,407.13,
21 Mar 2023,Swiggy Order,254.56,
22 Mar 2023,Dividend Credit,,4010.80
23 Mar 2023,Book Purchase,1298.44,
23 Mar 2023,Ola Cab,168.93,
24 Mar 2023,Hotel Stay,9474.88,
24 Mar 2023,Meesho Order,1170.73,
24 Mar 2023,Travel Booking,2014.92,
25 Mar 2023,Restaurant Dinner,2303.97,
27 Mar 2023,BookMyShow Tickets,395.61,
27 Mar 2023,Rapido Bike Taxi,175.75,
27 Mar 2023,BookMyShow Tickets,235.00,
29 Mar 2023,Electricity Bill,2484.21,
30 Mar 2023,Amazon Prime,226.01,
30 Mar 2023,Rapido Bike Taxi,46.18,
30 Mar 2023,Myntra Fashion,3439.62,
31 Mar 2023,Interest Credit,,1471.80
31 Mar 2023,Metro Card Recharge,331.35,
01 Apr 2023,Swiggy Order,132.10,
01 Apr 2023,PVR Cinemas,276.93,
03 Apr 2023,Flipkart Order,1957.38,
03 Apr 2023,Gym Membership,1630.30,
03 Apr 2023,Amazon Prime,617.80,
04 Apr 2023,Salary Credit,,100468.86
04 Apr 2023,Dividend Credit,,13859.66
04 Apr 2023,Online Course,946.86,
04 Apr 2023,Hair Salon,578.66,
04 Apr 2023,Insurance Premium,2797.32,
04 Apr 2023,YouTube Premium,139.00,
04 Apr 2023,Apollo Pharmacy,485.95,
05 Apr 2023,Doctor Consultation,1751.92,
05 Apr 2023,Doctor Consultation,1766.93,
06 Apr 2023,Rental Income,,17601.21
06 Apr 2023,Netflix Subscription,208.93,
06 Apr 2023,Myntra Fashion,1049.10,
08 Apr 2023,Parking Charges,221.51,
08 Apr 2023,Ola Cab,255.59,
09 Apr 2023,Salary Credit,,91879.66
09 Apr 2023,House Rent,12324.72,
10 Apr 2023,Doctor Consultation,1091.44,
11 Apr 2023,Rental Income,,20777.11
12 Apr 2023,BigBasket Groceries,3393.40,
12 Apr 2023,Newspaper Subscription,185.20,
13 Apr 2023,Amazon Purchase,7978.57,
13 Apr 2023,Transfer Received,,13298.90
13 Apr 2023,Maintenance Charges,1097.26,
14 Apr 2023,Newspaper Subscription,281.35,
14 Apr 2023,Rental Income,,11414.69
15 Apr 2023,Jio Recharge,361.66,
15 Apr 2023,Coffee Shop,208.69,
16 Apr 2023,Maintenance Charges,1152.18,
16 Apr 2023,Freelance Payment,,25547.26
16 Apr 2023,Hotel Stay,6787.12,
16 Apr 2023,Travel Booking,11790.43,
16 Apr 2023,Swiggy Order,557.68,
17 Apr 2023,Doctor Consultation,1060.56,
18 Apr 2023,Dividend Credit,,12149.16
18 Apr 2023,Metro Card Recharge,452.63,
19 Apr 2023,Myntra Fashion,870.29,
19 Apr 2023,Online Course,3548.84,
20 Apr 2023,Refund Credit,,4702.83
20 Apr 2023,ATM Withdrawal,3951.96,
20 Apr 2023,Spa Treatment,694.77,
20 Apr 2023,Salary Credit,,69016.38
20 Apr 2023,Hair Salon,1153.26,
21 Apr 2023,Airtel Mobile Bill,801.09,
21 Apr 2023,Online Course,2186.09,
24 Apr 2023,Hair Salon,1399.71,
24 Apr 2023,Cashback Credit,,286.81
25 Apr 2023,Metro Card Recharge,240.42,
25 Apr 2023,Gaming Recharge,1337.80,
25 Apr 2023,Restaurant Dinner,1033.41,
26 Apr 2023,Doctor Consultation,1686.47,
26 Apr 2023,PVR Cinemas,534.06,
28 Apr 2023,Zomato Food Delivery,485.14,
28 Apr 2023,Airtel Mobile Bill,962.10,
28 Apr 2023,Insurance Premium,3549.42,
28 Apr 2023,Dividend Credit,,3633.79
29 Apr 2023,Coffee Shop,268.70,
29 Apr 2023,BookMyShow Tickets,391.64,
29 Apr 2023,Hair Salon,804.31,
30 Apr 2023,DMart Purchase,3238.48,
30 Apr 2023,Jio Recharge,359.74,
01 May 2023,Cashback Credit,,588.60
01 May 2023,Hotstar Subscription,538.79,
01 May 2023,Hotstar Subscription,580.18,
01 May 2023,Rental Income,,14925.84
01 May 2023,Reliance Fresh,1134.18,
01 May 2023,Coffee Shop,238.96,
02 May 2023,PVR Cinemas,352.94,
02 May 2023,Travel Booking,11306.19,
03 May 2023,Jio Recharge,363.29,
03 May 2023,Jio Recharge,304.28,
03 May 2023,PVR Cinemas,409.27,
03 May 2023,Online Course,1184.25,
04 May 2023,Apollo Pharmacy,262.77,
05 May 2023,Water Bill,324.05,
06 May 2023,Transfer Received,,29319.90
06 May 2023,Travel Booking,4493.30,
07 May 2023,ATM Withdrawal,4360.50,
07 May 2023,Bonus Credit,,39215.04
07 May 2023,Flipkart Order,811.14,
07 May 2023,Cashback Credit,,142.61
08 May 2023,YouTube Premium,139.00,
08 May 2023,1mg Medicine Order,565.97,
10 May 2023,Travel Booking,18568.42,
10 May 2023,Petrol / Diesel,2462.66,
11 May 2023,ATM Withdrawal,3806.84,
14 May 2023,Hair Salon,206.65,
15 May 2023,Cashback Credit,,995.88
17 May 2023,Insurance Premium,9351.64,
17 May 2023,Transfer Received,,21841.83
17 May 2023,School Fees,8670.32,
18 May 2023,YouTube Premium,139.00,
19 May 2023,Apollo Pharmacy,354.49,
19 May 2023,Insurance Premium,5411.34,
20 May 2023,Book Purchase,568.14,
21 May 2023,PVR Cinemas,779.60,
22 May 2023,School Fees,5035.87,
23 May 2023,Doctor Consultation,1807.28,
23 May 2023,UPI Received,,3371.12
23 May 2023,Restaurant Dinner,928.09,
24 May 2023,Restaurant Dinner,1641.31,
24 May 2023,Zomato Food Delivery,202.61,
25 May 2023,Airtel Mobile Bill,995.73,
27 May 2023,Hair Salon,529.15,
27 May 2023,Transfer Received,,44214.89
27 May 2023,Electricity Bill,1712.63,
27 May 2023,Electricity Bill,1697.78,
28 May 2023,Amazon Prime,370.14,
29 May 2023,BigBasket Groceries,1050.61,
29 May 2023,Netflix Subscription,328.01,
30 May 2023,Airtel Mobile Bill,806.12,
30 May 2023,ATM Withdrawal,1846.36,
01 Jun 2023,School Fees,3169.93,
01 Jun 2023,Salary Credit,,44770.86
01 Jun 2023,Restaurant Dinner,2248.46,
01 Jun 2023,Hair Salon,1285.59,
01 Jun 2023,Meesho Order,559.68,
02 Jun 2023,Cashback Credit,,454.24
02 Jun 2023,Apollo Pharmacy,1928.19,
03 Jun 2023,ATM Withdrawal,4787.82,
03 Jun 2023,Airtel Mobile Bill,420.18,
04 Jun 2023,Netflix Subscription,629.14,
04 Jun 2023,Newspaper Subscription,170.90,
05 Jun 2023,Swiggy Order,721.43,
05 Jun 2023,BigBasket Groceries,654.94,
06 Jun 2023,UPI Received,,18135.94
06 Jun 2023,Apollo Pharmacy,1442.05,
06 Jun 2023,Ola Cab,202.09,
07 Jun 2023,Myntra Fashion,3355.59,
08 Jun 2023,Jio Recharge,366.63,
08 Jun 2023,Apollo Pharmacy,1211.60,
08 Jun 2023,Electricity Bill,2079.53,
09 Jun 2023,BigBasket Groceries,3767.05,
10 Jun 2023,Ajio Clothing,1774.01,
10 Jun 2023,Book Purchase,619.94,
11 Jun 2023,Ajio Clothing,905.35,
11 Jun 2023,Bonus Credit,,28811.90
12 Jun 2023,Swiggy Order,309.19,
13 Jun 2023,Insurance Premium,1230.50,
13 Jun 2023,Insurance Premium,3128.45,
14 Jun 2023,House Rent,26648.22,
14 Jun 2023,Jio Recharge,319.84,
15 Jun 2023,Zomato Food Delivery,453.89,
16 Jun 2023,YouTube Premium,139.00,
17 Jun 2023,ATM Withdrawal,4577.88,
17 Jun 2023,Apollo Pharmacy,630.69,
17 Jun 2023,Coffee Shop,482.15,
17 Jun 2023,BigBasket Groceries,376.51,
18 Jun 2023,Water Bill,352.60,
18 Jun 2023,Doctor Consultation,1706.11,
19 Jun 2023,Hotstar Subscription,600.06,
20 Jun 2023,Rental Income,,7497.96
22 Jun 2023,Amazon Purchase,7641.43,
22 Jun 2023,ATM Withdrawal,2999.27,
22 Jun 2023,Meesho Order,1167.51,
22 Jun 2023,Jio Recharge,314.40,
24 Jun 2023,School Fees,13807.83,
25 Jun 2023,Jio Recharge,237.65,
25 Jun 2023,Netflix Subscription,547.46,
25 Jun 2023,Hotstar Subscription,797.01,
26 Jun 2023,Spotify Premium,119.00,
26 Jun 2023,YouTube Premium,139.00,
27 Jun 2023,1mg Medicine Order,106.58,
28 Jun 2023,Dividend Credit,,4209.20
28 Jun 2023,Travel Booking,4291.89,
29 Jun 2023,Gaming Recharge,1565.27,
30 Jun 2023,Jio Recharge,555.19,
30 Jun 2023,Transfer Received,,30276.27
30 Jun 2023,Flipkart Order,1762.62,
30 Jun 2023,Gym Membership,1376.66,
01 Jul 2023,Coffee Shop,327.68,
01 Jul 2023,Bonus Credit,,34196.75
02 Jul 2023,Doctor Consultation,1021.11,
02 Jul 2023,Ola Cab,497.58,
03 Jul 2023,Petrol / Diesel,1393.66,
03 Jul 2023,Rapido Bike Taxi,76.03,
03 Jul 2023,Reliance Fresh,1983.97,
04 Jul 2023,Dividend Credit,,13257.20
05 Jul 2023,Book Purchase,1091.81,
05 Jul 2023,Amazon Purchase,2184.29,
05 Jul 2023,Meesho Order,551.78,
06 Jul 2023,Book Purchase,1000.88,
07 Jul 2023,Swiggy Order,456.34,
07 Jul 2023,UPI Received,,10608.71
07 Jul 2023,Water Bill,279.79,
08 Jul 2023,Travel Booking,3762.82,
08 Jul 2023,Coffee Shop,86.62,
08 Jul 2023,DMart Purchase,665.24,
09 Jul 2023,Maintenance Charges,1945.47,
11 Jul 2023,Ajio Clothing,472.79,
12 Jul 2023,Freelance Payment,,25777.89
13 Jul 2023,Amazon Purchase,1316.19,
14 Jul 2023,Spotify Premium,119.00,
14 Jul 2023,BookMyShow Tickets,1188.06,
15 Jul 2023,Doctor Consultation,1880.33,
16 Jul 2023,UPI Received,,1376.15
16 Jul 2023,Insurance Premium,5438.92,
17 Jul 2023,Spotify Premium,119.00,
18 Jul 2023,Cashback Credit,,162.83
18 Jul 2023,Refund Credit,,4913.51
19 Jul 2023,UPI Received,,14205.37
20 Jul 2023,Interest Credit,,653.62
21 Jul 2023,Myntra Fashion,619.01,
22 Jul 2023,Hair Salon,1315.10,
24 Jul 2023,YouTube Premium,139.00,
24 Jul 2023,Reliance Fresh,1034.93,
24 Jul 2023,Swiggy Order,262.34,
24 Jul 2023,Rapido Bike Taxi,81.52,
24 Jul 2023,Zomato Food Delivery,786.13,
24 Jul 2023,Gaming Recharge,489.19,
25 Jul 2023,Coffee Shop,80.39,
26 Jul 2023,1mg Medicine Order,430.72,
26 Jul 2023,Airtel Mobile Bill,658.40,
26 Jul 2023,BigBasket Groceries,3763.10,
27 Jul 2023,Water Bill,475.42,
27 Jul 2023,PVR Cinemas,574.85,
28 Jul 2023,BookMyShow Tickets,943.98,
28 Jul 2023,Spa Treatment,750.31,
28 Jul 2023,Spotify Premium,119.00,
30 Jul 2023,Ajio Clothing,1893.71,
30 Jul 2023,BigBasket Groceries,412.36,
31 Jul 2023,Restaurant Dinner,863.99,
01 Aug 2023,Ola Cab,442.63,
01 Aug 2023,Meesho Order,906.45,
01 Aug 2023,Apollo Pharmacy,1815.70,
02 Aug 2023,School Fees,9144.82,
02 Aug 2023,Spa Treatment,1752.30,
02 Aug 2023,Travel Booking,13242.68,
03 Aug 2023,Ajio Clothing,893.62,
03 Aug 2023,PVR Cinemas,472.39,
03 Aug 2023,Insurance Premium,4861.28,
03 Aug 2023,Doctor Consultation,1138.19,
03 Aug 2023,Travel Booking,9716.38,
03 Aug 2023,Restaurant Dinner,877.30,
04 Aug 2023,Petrol / Diesel,2988.04,
04 Aug 2023,Hair Salon,263.52,
04 Aug 2023,Book Purchase,1015.27,
05 Aug 2023,Reliance Fresh,826.29,
07 Aug 2023,Swiggy Order,135.95,
08 Aug 2023,Reliance Fresh,688.26,
08 Aug 2023,School Fees,11898.02,
09 Aug 2023,Uber Ride,315.65,
09 Aug 2023,Freelance Payment,,17928.76
09 Aug 2023,Water Bill,232.31,
10 Aug 2023,ATM Withdrawal,2416.63,
11 Aug 2023,Parking Charges,141.50,
11 Aug 2023,Doctor Consultation,464.65,
11 Aug 2023,Hair Salon,1231.87,
12 Aug 2023,Salary Credit,,84293.40
12 Aug 2023,Ajio Clothing,495.49,
13 Aug 2023,Insurance Premium,2249.85,
14 Aug 2023,Ola Cab,258.38,
14 Aug 2023,Rental Income,,17571.22
14 Aug 2023,ATM Withdrawal,2379.05,
14 Aug 2023,Gaming Recharge,1599.89,
14 Aug 2023,Freelance Payment,,27860.35
14 Aug 2023,More Supermarket,687.00,
15 Aug 2023,Interest Credit,,2643.52
15 Aug 2023,Book Purchase,1255.88,
15 Aug 2023,DMart Purchase,2349.51,
19 Aug 2023,Water Bill,704.65,
19 Aug 2023,Apollo Pharmacy,204.62,
19 Aug 2023,Doctor Consultation,355.49,
19 Aug 2023,Bonus Credit,,13987.42
19 Aug 2023,Netflix Subscription,325.04,
20 Aug 2023,Interest Credit,,2302.05
20 Aug 2023,Swiggy Order,319.69,
20 Aug 2023,Spotify Premium,119.00,
21 Aug 2023,Spa Treatment,2245.39,
21 Aug 2023,Swiggy Order,277.11,
22 Aug 2023,Hair Salon,216.13,
22 Aug 2023,Amazon Purchase,6858.91,
22 Aug 2023,Reliance Fresh,1463.17,
22 Aug 2023,Parking Charges,230.95,
22 Aug 2023,Amazon Prime,854.68,
22 Aug 2023,DMart Purchase,1624.43,
23 Aug 2023,Hotstar Subscription,452.56,
23 Aug 2023,Hotel Stay,5602.11,
24 Aug 2023,Restaurant Dinner,2537.29,
24 Aug 2023,Uber Ride,494.96,
24 Aug 2023,DMart Purchase,572.41,
25 Aug 2023,BigBasket Groceries,2162.97,
25 Aug 2023,Ola Cab,187.93,
26 Aug 2023,Netflix Subscription,348.44,
26 Aug 2023,Maintenance Charges,1131.04,
27 Aug 2023,Hotel Stay,5372.46,
28 Aug 2023,Dividend Credit,,10928.94
29 Aug 2023,PVR Cinemas,388.36,
30 Aug 2023,Water Bill,557.66,
30 Aug 2023,Apollo Pharmacy,584.68,
30 Aug 2023,UPI Received,,6310.13
31 Aug 2023,Airtel Mobile Bill,608.29,
01 Sep 2023,Meesho Order,1133.77,
02 Sep 2023,1mg Medicine Order,1161.54,
02 Sep 2023,Swiggy Order,377.74,
02 Sep 2023,Gym Membership,1910.71,
03 Sep 2023,House Rent,22501.81,
03 Sep 2023,Online Course,1465.42,
03 Sep 2023,Newspaper Subscription,131.85,
04 Sep 2023,Doctor Consultation,705.16,
05 Sep 2023,Book Purchase,901.63,
06 Sep 2023,Book Purchase,912.70,
07 Sep 2023,PVR Cinemas,758.26,
07 Sep 2023,More Supermarket,749.86,
08 Sep 2023,Myntra Fashion,919.49,
08 Sep 2023,Ola Cab,251.26,
09 Sep 2023,Hotstar Subscription,720.57,
09 Sep 2023,Ola Cab,203.03,
10 Sep 2023,Swiggy Order,836.53,
11 Sep 2023,Hotstar Subscription,586.57,
11 Sep 2023,Hotel Stay,4306.54,
12 Sep 2023,Amazon Prime,205.40,
12 Sep 2023,Travel Booking,2717.31,
12 Sep 2023,Apollo Pharmacy,985.08,
12 Sep 2023,Transfer Received,,2194.88
13 Sep 2023,Travel Booking,17758.68,
15 Sep 2023,Rental Income,,17527.01
16 Sep 2023,Netflix Subscription,228.01,
16 Sep 2023,Hotstar Subscription,811.55,
16 Sep 2023,Petrol / Diesel,3402.53,
17 Sep 2023,Zomato Food Delivery,349.97,
17 Sep 2023,Water Bill,306.00,
18 Sep 2023,Meesho Order,1326.89,
18 Sep 2023,Spa Treatment,1952.25,
18 Sep 2023,Coffee Shop,189.74,
18 Sep 2023,Ola Cab,355.13,
18 Sep 2023,Salary Credit,,86084.94
19 Sep 2023,BigBasket Groceries,3793.32,
20 Sep 2023,Parking Charges,296.37,
20 Sep 2023,Salary Credit,,42868.77
22 Sep 2023,Cashback Credit,,657.19
22 Sep 2023,Doctor Consultation,984.43,
23 Sep 2023,Spa Treatment,2904.91,
23 Sep 2023,Newspaper Subscription,276.25,
26 Sep 2023,Amazon Prime,806.88,
26 Sep 2023,Netflix Subscription,177.66,
27 Sep 2023,Transfer Received,,39217.06
27 Sep 2023,Doctor Consultation,536.15,
28 Sep 2023,Zomato Food Delivery,471.53,
28 Sep 2023,School Fees,5694.97,
29 Sep 2023,Spotify Premium,119.00,
29 Sep 2023,Airtel Mobile Bill,567.12,
30 Sep 2023,Maintenance Charges,1381.20,
30 Sep 2023,Flipkart Order,5241.97,
01 Oct 2023,1mg Medicine Order,1101.66,
01 Oct 2023,Amazon Prime,563.45,
02 Oct 2023,Airtel Mobile Bill,904.31,
02 Oct 2023,Amazon Purchase,7792.95,
02 Oct 2023,Netflix Subscription,366.33,
02 Oct 2023,Flipkart Order,5276.60,
03 Oct 2023,Zomato Food Delivery,289.98,
04 Oct 2023,Transfer Received,,22451.32
04 Oct 2023,Swiggy Order,455.63,
05 Oct 2023,Spa Treatment,1268.79,
05 Oct 2023,Amazon Prime,578.75,
06 Oct 2023,Travel Booking,14645.55,
06 Oct 2023,Coffee Shop,207.55,
07 Oct 2023,Flipkart Order,3348.30,
07 Oct 2023,Dividend Credit,,8738.59
07 Oct 2023,Jio Recharge,381.97,
07 Oct 2023,More Supermarket,1588.31,
08 Oct 2023,Gym Membership,1631.41,
08 Oct 2023,Maintenance Charges,1707.49,
09 Oct 2023,Maintenance Charges,1303.88,
10 Oct 2023,Hair Salon,386.15,
10 Oct 2023,Jio Recharge,231.78,
10 Oct 2023,Jio Recharge,350.49,
10 Oct 2023,Insurance Premium,4477.90,
12 Oct 2023,Spotify Premium,119.00,
12 Oct 2023,School Fees,9416.35,
12 Oct 2023,Swiggy Order,576.31,
13 Oct 2023,Reliance Fresh,375.40,
13 Oct 2023,Doctor Consultation,465.13,
13 Oct 2023,Meesho Order,1565.85,
13 Oct 2023,Parking Charges,215.19,
15 Oct 2023,Maintenance Charges,1028.73,
15 Oct 2023,Jio Recharge,535.92,
16 Oct 2023,Newspaper Subscription,156.09,
16 Oct 2023,Meesho Order,1569.30,
16 Oct 2023,1mg Medicine Order,481.66,
17 Oct 2023,Spa Treatment,2972.41,
17 Oct 2023,Uber Ride,547.48,
17 Oct 2023,Maintenance Charges,1358.44,
18 Oct 2023,House Rent,24011.53,
18 Oct 2023,1mg Medicine Order,1108.10,
19 Oct 2023,Bonus Credit,,18504.24
19 Oct 2023,Hotstar Subscription,807.61,
19 Oct 2023,Coffee Shop,124.65,
21 Oct 2023,Spotify Premium,119.00,
21 Oct 2023,Zomato Food Delivery,664.65,
21 Oct 2023,Myntra Fashion,2405.56,
22 Oct 2023,Freelance Payment,,12206.34
23 Oct 2023,DMart Purchase,2634.31,
23 Oct 2023,Airtel Mobile Bill,401.06,
24 Oct 2023,YouTube Premium,139.00,
24 Oct 2023,Spa Treatment,2185.92,
25 Oct 2023,Dividend Credit,,9098.48
26 Oct 2023,BookMyShow Tickets,242.39,
26 Oct 2023,BigBasket Groceries,3814.01,
26 Oct 2023,YouTube Premium,139.00,
26 Oct 2023,Gaming Recharge,184.77,
27 Oct 2023,Insurance Premium,3726.94,
27 Oct 2023,Refund Credit,,354.87
29 Oct 2023,Hotstar Subscription,696.56,
01 Nov 2023,Zomato Food Delivery,499.86,
02 Nov 2023,Hair Salon,378.23,
02 Nov 2023,Uber Ride,588.23,
02 Nov 2023,Hair Salon,309.74,
02 Nov 2023,Ajio Clothing,1444.90,
03 Nov 2023,Online Course,2955.11,
04 Nov 2023,Restaurant Dinner,906.79,
04 Nov 2023,Netflix Subscription,173.65,
05 Nov 2023,Bonus Credit,,11085.14
05 Nov 2023,Hair Salon,928.88,
05 Nov 2023,Bonus Credit,,42464.35
08 Nov 2023,Water Bill,318.24,
08 Nov 2023,Hotstar Subscription,679.29,
08 Nov 2023,Insurance Premium,8920.54,
08 Nov 2023,1mg Medicine Order,823.69,
08 Nov 2023,Ajio Clothing,3271.77,
11 Nov 2023,Ola Cab,113.13,
11 Nov 2023,Salary Credit,,85293.81
12 Nov 2023,Hotstar Subscription,245.89,
12 Nov 2023,Parking Charges,213.02,
13 Nov 2023,Insurance Premium,1631.57,
13 Nov 2023,Hair Salon,573.40,
14 Nov 2023,Swiggy Order,814.30,
14 Nov 2023,Travel Booking,18909.20,
14 Nov 2023,Travel Booking,5652.51,
15 Nov 2023,BookMyShow Tickets,1446.26,
15 Nov 2023,Metro Card Recharge,865.79,
16 Nov 2023,Airtel Mobile Bill,839.05,
16 Nov 2023,Airtel Mobile Bill,454.62,
17 Nov 2023,Dividend Credit,,6891.91
17 Nov 2023,PVR Cinemas,646.19,
17 Nov 2023,Travel Booking,16729.66,
17 Nov 2023,Insurance Premium,7098.30,
18 Nov 2023,Netflix Subscription,602.70,
18 Nov 2023,House Rent,12289.07,
19 Nov 2023,Metro Card Recharge,373.44,
19 Nov 2023,Hotstar Subscription,289.38,
19 Nov 2023,Myntra Fashion,1815.80,
20 Nov 2023,Dividend Credit,,5474.26
20 Nov 2023,Airtel Mobile Bill,675.37,
20 Nov 2023,Metro Card Recharge,653.03,
20 Nov 2023,Interest Credit,,1482.46
21 Nov 2023,Airtel Mobile Bill,762.95,
22 Nov 2023,1mg Medicine Order,286.72,
22 Nov 2023,Hair Salon,1172.55,
23 Nov 2023,Meesho Order,485.27,
23 Nov 2023,Ajio Clothing,1752.80,
23 Nov 2023,1mg Medicine Order,249.69,
23 Nov 2023,YouTube Premium,139.00,
23 Nov 2023,Zomato Food Delivery,607.55,
24 Nov 2023,Maintenance Charges,2075.42,
24 Nov 2023,Gaming Recharge,606.95,
24 Nov 2023,Restaurant Dinner,1882.15,
24 Nov 2023,1mg Medicine Order,454.09,
25 Nov 2023,Parking Charges,94.69,
25 Nov 2023,Ajio Clothing,1270.33,
25 Nov 2023,Salary Credit,,43342.07
26 Nov 2023,Amazon Purchase,6757.47,
26 Nov 2023,House Rent,10504.75,
26 Nov 2023,Airtel Mobile Bill,828.14,
27 Nov 2023,Ola Cab,427.81,
27 Nov 2023,Ajio Clothing,2846.85,
28 Nov 2023,Rental Income,,9878.75
28 Nov 2023,ATM Withdrawal,4744.15,
30 Nov 2023,Petrol / Diesel,1106.99,
30 Nov 2023,BigBasket Groceries,1679.55,
01 Dec 2023,Uber Ride,511.68,
02 Dec 2023,YouTube Premium,139.00,
02 Dec 2023,Salary Credit,,56579.61
02 Dec 2023,Water Bill,613.05,
03 Dec 2023,Bonus Credit,,39561.31
04 Dec 2023,Ola Cab,91.10,
04 Dec 2023,Parking Charges,87.41,
05 Dec 2023,Parking Charges,194.64,
05 Dec 2023,Online Course,2679.94,
08 Dec 2023,Rapido Bike Taxi,89.13,
08 Dec 2023,Netflix Subscription,525.36,
09 Dec 2023,Refund Credit,,905.46
10 Dec 2023,Parking Charges,75.59,
10 Dec 2023,ATM Withdrawal,1417.30,
10 Dec 2023,Rental Income,,18866.84
10 Dec 2023,Spa Treatment,1471.65,
10 Dec 2023,Zomato Food Delivery,484.46,
13 Dec 2023,Zomato Food Delivery,465.34,
14 Dec 2023,PVR Cinemas,556.27,
15 Dec 2023,Online Course,3061.93,
15 Dec 2023,Book Purchase,1341.45,
15 Dec 2023,Dividend Credit,,10252.62
17 Dec 2023,Salary Credit,,95211.15
19 Dec 2023,Zomato Food Delivery,440.07,
20 Dec 2023,Ola Cab,233.37,
22 Dec 2023,Netflix Subscription,237.49,
22 Dec 2023,Interest Credit,,726.97
22 Dec 2023,Maintenance Charges,2556.98,
23 Dec 2023,YouTube Premium,139.00,
24 Dec 2023,Coffee Shop,393.19,
24 Dec 2023,Gaming Recharge,453.21,
24 Dec 2023,Spotify Premium,119.00,
26 Dec 2023,Amazon Purchase,365.07,
28 Dec 2023,Amazon Purchase,7734.44,
28 Dec 2023,Apollo Pharmacy,513.26,
29 Dec 2023,Petrol / Diesel,1302.73,
29 Dec 2023,UPI Received,,3264.31
29 Dec 2023,1mg Medicine Order,1361.95,
30 Dec 2023,BookMyShow Tickets,1102.12,
31 Dec 2023,Netflix Subscription,580.23,
31 Dec 2023,Ajio Clothing,2339.73,
01 Jan 2024,Amazon Prime,771.98,
01 Jan 2024,DMart Purchase,1993.86,
02 Jan 2024,Spotify Premium,119.00,
04 Jan 2024,Coffee Shop,197.62,
05 Jan 2024,Cashback Credit,,946.91
05 Jan 2024,Amazon Purchase,7774.23,
05 Jan 2024,Insurance Premium,9775.43,
05 Jan 2024,ATM Withdrawal,2696.06,
07 Jan 2024,BigBasket Groceries,3119.38,
07 Jan 2024,Cashback Credit,,557.82
08 Jan 2024,Maintenance Charges,1912.92,
08 Jan 2024,Ola Cab,192.30,
10 Jan 2024,Uber Ride,109.50,
10 Jan 2024,Metro Card Recharge,729.50,
10 Jan 2024,Zomato Food Delivery,163.90,
10 Jan 2024,1mg Medicine Order,1396.79,
10 Jan 2024,Metro Card Recharge,526.95,
11 Jan 2024,DMart Purchase,2768.14,
11 Jan 2024,Reliance Fresh,845.73,
11 Jan 2024,Airtel Mobile Bill,367.87,
12 Jan 2024,More Supermarket,559.28,
12 Jan 2024,School Fees,3155.40,
13 Jan 2024,Parking Charges,233.47,
13 Jan 2024,Meesho Order,1433.68,
13 Jan 2024,Gaming Recharge,551.73,
14 Jan 2024,Amazon Purchase,1609.65,
14 Jan 2024,Swiggy Order,357.68,
14 Jan 2024,Meesho Order,1214.56,
15 Jan 2024,Gaming Recharge,782.81,
15 Jan 2024,Gym Membership,1163.08,
16 Jan 2024,Uber Ride,528.62,
17 Jan 2024,1mg Medicine Order,624.38,
17 Jan 2024,Cashback Credit,,661.51
17 Jan 2024,Meesho Order,1102.79,
18 Jan 2024,Parking Charges,286.27,
18 Jan 2024,Transfer Received,,35138.23
18 Jan 2024,Bonus Credit,,24196.19
18 Jan 2024,Gaming Recharge,1856.85,
19 Jan 2024,Swiggy Order,836.93,
19 Jan 2024,Book Purchase,1038.99,
20 Jan 2024,Interest Credit,,2279.09
20 Jan 2024,Salary Credit,,44844.90
21 Jan 2024,UPI Received,,18002.17
21 Jan 2024,Insurance Premium,9131.53,
23 Jan 2024,Freelance Payment,,20900.59
23 Jan 2024,Swiggy Order,279.15,
24 Jan 2024,Parking Charges,191.43,
24 Jan 2024,Restaurant Dinner,1258.98,
25 Jan 2024,Bonus Credit,,20157.23
26 Jan 2024,Hair Salon,1078.05,
26 Jan 2024,Reliance Fresh,814.11,
26 Jan 2024,Jio Recharge,583.40,
26 Jan 2024,Apollo Pharmacy,1761.36,
26 Jan 2024,Maintenance Charges,2245.61,
26 Jan 2024,Ajio Clothing,2666.84,
27 Jan 2024,Online Course,1542.82,
27 Jan 2024,Parking Charges,262.84,
28 Jan 2024,Flipkart Order,1949.54,
28 Jan 2024,Apollo Pharmacy,658.90,
29 Jan 2024,Netflix Subscription,549.52,
29 Jan 2024,Hotstar Subscription,650.60,
30 Jan 2024,Newspaper Subscription,177.05,
30 Jan 2024,Transfer Received,,41723.99
31 Jan 2024,Electricity Bill,4797.16,
31 Jan 2024,Hotel Stay,7859.30,
31 Jan 2024,Rapido Bike Taxi,123.21,
01 Feb 2024,Salary Credit,,97365.62
01 Feb 2024,Insurance Premium,4756.49,
02 Feb 2024,Hotstar Subscription,642.46,
02 Feb 2024,Rapido Bike Taxi,103.12,
03 Feb 2024,Myntra Fashion,1195.45,
04 Feb 2024,Ajio Clothing,1124.28,
04 Feb 2024,Transfer Received,,43047.04
04 Feb 2024,DMart Purchase,317.91,
05 Feb 2024,ATM Withdrawal,4111.56,
07 Feb 2024,Myntra Fashion,1188.89,
07 Feb 2024,Rental Income,,15653.21
07 Feb 2024,Reliance Fresh,234.67,
08 Feb 2024,Zomato Food Delivery,546.99,
08 Feb 2024,Netflix Subscription,252.83,
08 Feb 2024,Newspaper Subscription,136.31,
10 Feb 2024,Metro Card Recharge,535.55,
10 Feb 2024,Doctor Consultation,1404.14,
11 Feb 2024,Travel Booking,6521.13,
11 Feb 2024,Newspaper Subscription,290.83,
14 Feb 2024,Netflix Subscription,200.65,
15 Feb 2024,Cashback Credit,,841.66
16 Feb 2024,Spotify Premium,119.00,
16 Feb 2024,Meesho Order,427.71,
16 Feb 2024,Bonus Credit,,43884.47
17 Feb 2024,Maintenance Charges,1487.10,
17 Feb 2024,ATM Withdrawal,3521.06,
18 Feb 2024,Zomato Food Delivery,622.83,
18 Feb 2024,Hotstar Subscription,843.02,
19 Feb 2024,Ajio Clothing,497.19,
20 Feb 2024,Dividend Credit,,5883.26
21 Feb 2024,Uber Ride,523.03,
21 Feb 2024,Uber Ride,181.37,
22 Feb 2024,Refund Credit,,4394.31
23 Feb 2024,Reliance Fresh,623.17,
24 Feb 2024,Transfer Received,,39831.52
24 Feb 2024,Hotel Stay,3448.87,
25 Feb 2024,Netflix Subscription,193.52,
25 Feb 2024,Myntra Fashion,3842.80,
25 Feb 2024,Uber Ride,135.74,
25 Feb 2024,More Supermarket,523.40,
26 Feb 2024,Dividend Credit,,12429.95
26 Feb 2024,Ajio Clothing,3321.91,
27 Feb 2024,Petrol / Diesel,2123.03,
27 Feb 2024,Metro Card Recharge,976.46,
27 Feb 2024,Petrol / Diesel,620.93,
28 Feb 2024,Swiggy Order,443.98,
28 Feb 2024,Hotel Stay,8805.38,
29 Feb 2024,Hair Salon,1358.92,
29 Feb 2024,Newspaper Subscription,184.09,
29 Feb 2024,Ola Cab,453.61,
29 Feb 2024,Cashback Credit,,535.39
01 Mar 2024,Gaming Recharge,1169.64,
02 Mar 2024,School Fees,7289.25,
02 Mar 2024,Swiggy Order,664.90,
02 Mar 2024,Flipkart Order,4775.71,
03 Mar 2024,Metro Card Recharge,703.09,
04 Mar 2024,School Fees,8565.08,
04 Mar 2024,ATM Withdrawal,1088.16,
06 Mar 2024,Maintenance Charges,1750.13,
06 Mar 2024,Maintenance Charges,602.16,
06 Mar 2024,Water Bill,549.69,
09 Mar 2024,PVR Cinemas,510.33,
09 Mar 2024,Cashback Credit,,498.84
09 Mar 2024,Hotstar Subscription,181.75,
10 Mar 2024,Online Course,4045.66,
10 Mar 2024,Airtel Mobile Bill,302.57,
10 Mar 2024,Meesho Order,1815.96,
10 Mar 2024,Interest Credit,,1362.07
13 Mar 2024,Gym Membership,1740.73,
13 Mar 2024,Ajio Clothing,1152.09,
13 Mar 2024,Spotify Premium,119.00,
13 Mar 2024,Zomato Food Delivery,233.16,
14 Mar 2024,Ajio Clothing,2482.24,
14 Mar 2024,Bonus Credit,,22128.81
14 Mar 2024,Insurance Premium,8414.65,
15 Mar 2024,Hair Salon,677.85,
16 Mar 2024,Gym Membership,2064.28,
18 Mar 2024,Dividend Credit,,11083.45
19 Mar 2024,Doctor Consultation,432.30,
21 Mar 2024,Transfer Received,,6136.69
21 Mar 2024,Cashback Credit,,266.56
21 Mar 2024,Hotstar Subscription,819.62,
23 Mar 2024,Apollo Pharmacy,521.50,
23 Mar 2024,Hotel Stay,7501.57,
23 Mar 2024,YouTube Premium,139.00,
25 Mar 2024,Hotel Stay,7732.64,
26 Mar 2024,Rapido Bike Taxi,64.45,
27 Mar 2024,Spotify Premium,119.00,
27 Mar 2024,Restaurant Dinner,1298.78,
27 Mar 2024,Hotstar Subscription,734.53,
27 Mar 2024,Parking Charges,193.23,
28 Mar 2024,Jio Recharge,266.34,
30 Mar 2024,Coffee Shop,433.67,
31 Mar 2024,Rental Income,,12069.77
31 Mar 2024,Reliance Fresh,1907.92,
31 Mar 2024,Zomato Food Delivery,804.78,
31 Mar 2024,Dividend Credit,,14696.90
01 Apr 2024,Reliance Fresh,1528.24,
02 Apr 2024,Refund Credit,,2258.48
03 Apr 2024,House Rent,20271.09,
05 Apr 2024,Interest Credit,,2171.44
05 Apr 2024,Spotify Premium,119.00,
05 Apr 2024,Online Course,665.22,
06 Apr 2024,Ola Cab,160.47,
06 Apr 2024,Coffee Shop,111.54,
07 Apr 2024,Freelance Payment,,15450.81
07 Apr 2024,Dividend Credit,,11925.30
08 Apr 2024,Insurance Premium,3451.46,
08 Apr 2024,Petrol / Diesel,2504.40,
08 Apr 2024,More Supermarket,1122.34,
09 Apr 2024,YouTube Premium,139.00,
12 Apr 2024,PVR Cinemas,747.39,
13 Apr 2024,Freelance Payment,,14615.79
13 Apr 2024,1mg Medicine Order,1359.44,
13 Apr 2024,Hotel Stay,9304.72,
13 Apr 2024,Water Bill,412.72,
14 Apr 2024,PVR Cinemas,797.81,
14 Apr 2024,1mg Medicine Order,185.29,
14 Apr 2024,Netflix Subscription,270.48,
14 Apr 2024,Swiggy Order,377.23,
15 Apr 2024,Uber Ride,586.92,
16 Apr 2024,Parking Charges,165.41,
16 Apr 2024,PVR Cinemas,303.18,
17 Apr 2024,Online Course,4938.05,
17 Apr 2024,PVR Cinemas,416.69,
17 Apr 2024,Insurance Premium,2110.29,
18 Apr 2024,Travel Booking,4049.98,
19 Apr 2024,Ajio Clothing,2616.45,
19 Apr 2024,Cashback Credit,,500.73
19 Apr 2024,Spa Treatment,904.30,
20 Apr 2024,Newspaper Subscription,246.33,
21 Apr 2024,Travel Booking,3002.94,
21 Apr 2024,Amazon Prime,273.08,
24 Apr 2024,Hair Salon,202.94,
24 Apr 2024,Meesho Order,472.38,
24 Apr 2024,Parking Charges,294.67,
25 Apr 2024,Hotel Stay,6169.88,
25 Apr 2024,Refund Credit,,4001.10
25 Apr 2024,BookMyShow Tickets,1044.17,
26 Apr 2024,Restaurant Dinner,1729.71,
26 Apr 2024,Interest Credit,,2079.10
27 Apr 2024,Airtel Mobile Bill,446.92,
27 Apr 2024,Freelance Payment,,15965.09
27 Apr 2024,Swiggy Order,365.52,
27 Apr 2024,Online Course,4271.97,
28 Apr 2024,Freelance Payment,,9296.76
28 Apr 2024,Maintenance Charges,1161.28,
28 Apr 2024,Transfer Received,,6730.18
28 Apr 2024,YouTube Premium,139.00,
28 Apr 2024,Cashback Credit,,786.71
29 Apr 2024,Coffee Shop,142.53,
29 Apr 2024,Spotify Premium,119.00,
29 Apr 2024,More Supermarket,295.69,
30 Apr 2024,Metro Card Recharge,271.27,
01 May 2024,Spa Treatment,2935.00,
02 May 2024,Gaming Recharge,402.73,
03 May 2024,Coffee Shop,240.15,
03 May 2024,Hotel Stay,4264.30,
04 May 2024,Electricity Bill,1182.64,
04 May 2024,PVR Cinemas,480.01,
06 May 2024,DMart Purchase,1847.87,
06 May 2024,Freelance Payment,,15814.98
06 May 2024,Travel Booking,19027.62,
07 May 2024,Uber Ride,137.92,
07 May 2024,ATM Withdrawal,2168.43,
08 May 2024,YouTube Premium,139.00,
08 May 2024,Gym Membership,1192.26,
09 May 2024,Gym Membership,755.61,
11 May 2024,Ajio Clothing,2324.12,
11 May 2024,Freelance Payment,,26377.23
11 May 2024,Flipkart Order,2794.59,
11 May 2024,Water Bill,649.84,
11 May 2024,Jio Recharge,550.29,
11 May 2024,Netflix Subscription,474.54,
11 May 2024,1mg Medicine Order,604.81,
11 May 2024,Gym Membership,2237.28,
11 May 2024,Maintenance Charges,2557.58,
12 May 2024,Electricity Bill,1535.18,
13 May 2024,Metro Card Recharge,972.08,
13 May 2024,Salary Credit,,98917.11
13 May 2024,Gaming Recharge,1340.23,
14 May 2024,Netflix Subscription,430.68,
14 May 2024,BigBasket Groceries,2671.26,
14 May 2024,Doctor Consultation,581.24,
15 May 2024,Doctor Consultation,1235.18,
15 May 2024,BookMyShow Tickets,321.43,
15 May 2024,More Supermarket,1306.00,
16 May 2024,YouTube Premium,139.00,
16 May 2024,Bonus Credit,,35799.53
17 May 2024,Spa Treatment,2246.00,
17 May 2024,UPI Received,,9585.25
17 May 2024,Myntra Fashion,2586.31,
18 May 2024,Online Course,2173.96,
19 May 2024,Zomato Food Delivery,240.04,
19 May 2024,BookMyShow Tickets,1051.06,
19 May 2024,Meesho Order,452.81,
20 May 2024,Gaming Recharge,1251.09,
20 May 2024,Reliance Fresh,478.57,
20 May 2024,Meesho Order,1927.43,
20 May 2024,Meesho Order,286.48,
20 May 2024,Bonus Credit,,39653.03
21 May 2024,Coffee Shop,281.43,
22 May 2024,More Supermarket,1031.04,
22 May 2024,Travel Booking,5449.14,
23 May 2024,PVR Cinemas,414.91,
24 May 2024,Transfer Received,,17600.48
25 May 2024,Flipkart Order,5997.68,
26 May 2024,Electricity Bill,2117.04,
26 May 2024,Electricity Bill,2532.51,
26 May 2024,Electricity Bill,4909.05,
27 May 2024,Doctor Consultation,1979.29,
27 May 2024,Gaming Recharge,636.87,
28 May 2024,YouTube Premium,139.00,
29 May 2024,Hotstar Subscription,827.19,
29 May 2024,Bonus Credit,,42246.51
30 May 2024,Hotel Stay,8895.40,
30 May 2024,Spotify Premium,119.00,
31 May 2024,Jio Recharge,589.16,
01 Jun 2024,BigBasket Groceries,514.43,
01 Jun 2024,Insurance Premium,1179.10,
01 Jun 2024,Electricity Bill,1025.46,
01 Jun 2024,Hotel Stay,9543.94,
01 Jun 2024,Interest Credit,,1480.83
02 Jun 2024,ATM Withdrawal,3885.39,
04 Jun 2024,Maintenance Charges,1081.80,
04 Jun 2024,Book Purchase,1003.56,
04 Jun 2024,Hair Salon,515.52,
05 Jun 2024,Rapido Bike Taxi,149.60,
05 Jun 2024,Salary Credit,,69394.47
06 Jun 2024,Transfer Received,,37597.98
06 Jun 2024,1mg Medicine Order,537.94,
06 Jun 2024,Salary Credit,,99327.08
07 Jun 2024,Zomato Food Delivery,689.44,
07 Jun 2024,Netflix Subscription,609.59,
07 Jun 2024,Refund Credit,,1229.36
07 Jun 2024,Zomato Food Delivery,466.46,
08 Jun 2024,Metro Card Recharge,446.11,
08 Jun 2024,Online Course,3170.49,
10 Jun 2024,Maintenance Charges,696.74,
10 Jun 2024,UPI Received,,3620.57
11 Jun 2024,Netflix Subscription,556.57,
12 Jun 2024,ATM Withdrawal,2634.16,
12 Jun 2024,Amazon Purchase,3980.46,
12 Jun 2024,Airtel Mobile Bill,760.75,
12 Jun 2024,Rental Income,,21762.31
13 Jun 2024,BigBasket Groceries,890.19,
14 Jun 2024,Maintenance Charges,1067.21,
14 Jun 2024,School Fees,13774.83,
16 Jun 2024,Meesho Order,1338.23,
16 Jun 2024,Jio Recharge,523.11,
17 Jun 2024,Salary Credit,,67585.12
17 Jun 2024,Amazon Prime,921.53,
20 Jun 2024,Gaming Recharge,905.50,
20 Jun 2024,Hotstar Subscription,632.80,
21 Jun 2024,Transfer Received,,31395.91
21 Jun 2024,Amazon Prime,974.46,
23 Jun 2024,Metro Card Recharge,735.55,
23 Jun 2024,Insurance Premium,5252.81,
23 Jun 2024,Refund Credit,,3461.04
25 Jun 2024,Hotel Stay,4980.93,
26 Jun 2024,Restaurant Dinner,2829.18,
26 Jun 2024,Netflix Subscription,534.74,
27 Jun 2024,More Supermarket,113.77,
28 Jun 2024,Hotstar Subscription,418.68,
28 Jun 2024,Uber Ride,119.77,
28 Jun 2024,DMart Purchase,1686.10,
30 Jun 2024,Ajio Clothing,2190.39,
30 Jun 2024,Flipkart Order,3771.10,
01 Jul 2024,Flipkart Order,801.45,
03 Jul 2024,Water Bill,737.72,
05 Jul 2024,Flipkart Order,2043.14,
05 Jul 2024,Myntra Fashion,2422.72,
06 Jul 2024,Hotel Stay,6882.93,
06 Jul 2024,ATM Withdrawal,1503.56,
07 Jul 2024,Hair Salon,1354.16,
07 Jul 2024,Spa Treatment,1669.66,
07 Jul 2024,Freelance Payment,,8293.05
07 Jul 2024,Hotstar Subscription,499.43,
08 Jul 2024,Parking Charges,90.73,
08 Jul 2024,BookMyShow Tickets,456.20,
10 Jul 2024,Amazon Purchase,3502.28,
10 Jul 2024,Uber Ride,272.70,
11 Jul 2024,Coffee Shop,169.01,
11 Jul 2024,Cashback Credit,,107.94
11 Jul 2024,1mg Medicine Order,382.46,
14 Jul 2024,BigBasket Groceries,429.21,
15 Jul 2024,Doctor Consultation,1628.16,
16 Jul 2024,Water Bill,363.49,
17 Jul 2024,Hair Salon,1470.64,
17 Jul 2024,Metro Card Recharge,753.78,
17 Jul 2024,Travel Booking,7678.83,
18 Jul 2024,Jio Recharge,460.87,
19 Jul 2024,House Rent,17749.21,
20 Jul 2024,Maintenance Charges,1719.10,
21 Jul 2024,Uber Ride,371.19,
23 Jul 2024,Gaming Recharge,1267.03,
24 Jul 2024,Hotstar Subscription,277.69,
24 Jul 2024,Online Course,823.15,
25 Jul 2024,Metro Card Recharge,941.89,
27 Jul 2024,Jio Recharge,591.63,
27 Jul 2024,Petrol / Diesel,3836.43,
28 Jul 2024,Newspaper Subscription,111.79,
28 Jul 2024,Gym Membership,910.29,
28 Jul 2024,Maintenance Charges,1456.40,
29 Jul 2024,More Supermarket,1112.13,
29 Jul 2024,Ajio Clothing,2154.06,
29 Jul 2024,Electricity Bill,4743.06,
29 Jul 2024,Transfer Received,,19731.93
30 Jul 2024,School Fees,8301.20,
01 Aug 2024,Newspaper Subscription,115.34,
04 Aug 2024,Meesho Order,687.19,
05 Aug 2024,Bonus Credit,,7434.55
05 Aug 2024,1mg Medicine Order,84.44,
06 Aug 2024,Interest Credit,,569.29
06 Aug 2024,Hotstar Subscription,687.67,
06 Aug 2024,Electricity Bill,4273.26,
07 Aug 2024,Airtel Mobile Bill,646.37,
09 Aug 2024,Petrol / Diesel,3829.51,
09 Aug 2024,School Fees,9240.50,
09 Aug 2024,Maintenance Charges,2845.54,
09 Aug 2024,Coffee Shop,157.51,
10 Aug 2024,House Rent,25734.43,
11 Aug 2024,Hotel Stay,5788.12,
11 Aug 2024,Parking Charges,214.71,
11 Aug 2024,Spotify Premium,119.00,
11 Aug 2024,Coffee Shop,311.26,
12 Aug 2024,School Fees,12280.05,
13 Aug 2024,Parking Charges,297.51,
13 Aug 2024,Newspaper Subscription,111.42,
14 Aug 2024,BookMyShow Tickets,1105.30,
14 Aug 2024,Uber Ride,256.99,
14 Aug 2024,ATM Withdrawal,3775.82,
14 Aug 2024,Zomato Food Delivery,727.03,
14 Aug 2024,BigBasket Groceries,808.45,
15 Aug 2024,Gym Membership,1500.94,
16 Aug 2024,Uber Ride,506.41,
16 Aug 2024,Reliance Fresh,1878.60,
16 Aug 2024,Gaming Recharge,163.70,
18 Aug 2024,Ajio Clothing,1231.45,
18 Aug 2024,Meesho Order,1792.75,
19 Aug 2024,Parking Charges,91.33,
19 Aug 2024,Travel Booking,9933.55,
19 Aug 2024,Ajio Clothing,761.85,
20 Aug 2024,Spotify Premium,119.00,
20 Aug 2024,House Rent,13363.99,
21 Aug 2024,Flipkart Order,4371.48,
21 Aug 2024,Hotstar Subscription,271.04,
21 Aug 2024,Netflix Subscription,193.67,
22 Aug 2024,Newspaper Subscription,276.09,
22 Aug 2024,House Rent,28837.17,
22 Aug 2024,Jio Recharge,244.54,
22 Aug 2024,Netflix Subscription,533.26,
23 Aug 2024,Netflix Subscription,247.11,
23 Aug 2024,Ajio Clothing,2903.26,
24 Aug 2024,Rental Income,,24161.82
24 Aug 2024,Ajio Clothing,1577.26,
26 Aug 2024,Interest Credit,,2951.69
27 Aug 2024,YouTube Premium,139.00,
27 Aug 2024,Insurance Premium,6471.94,
28 Aug 2024,Rental Income,,19301.50
28 Aug 2024,School Fees,7693.20,
28 Aug 2024,Online Course,4746.62,
29 Aug 2024,Salary Credit,,96053.48
29 Aug 2024,BookMyShow Tickets,515.01,
29 Aug 2024,Ajio Clothing,1968.81,
30 Aug 2024,More Supermarket,438.59,
31 Aug 2024,Parking Charges,190.78,
31 Aug 2024,Salary Credit,,64037.44
02 Sep 2024,Gaming Recharge,213.16,
03 Sep 2024,Jio Recharge,255.61,
04 Sep 2024,Spa Treatment,2939.69,
05 Sep 2024,PVR Cinemas,373.26,
05 Sep 2024,Maintenance Charges,1006.41,
05 Sep 2024,More Supermarket,1137.25,
05 Sep 2024,Freelance Payment,,10768.24
06 Sep 2024,Rental Income,,9527.73
07 Sep 2024,Myntra Fashion,1862.55,
08 Sep 2024,BookMyShow Tickets,1201.01,
08 Sep 2024,Hotstar Subscription,699.18,
08 Sep 2024,DMart Purchase,2582.78,
08 Sep 2024,Online Course,4240.66,
09 Sep 2024,Electricity Bill,4104.44,
09 Sep 2024,Insurance Premium,1711.88,
09 Sep 2024,Amazon Purchase,4574.94,
09 Sep 2024,Insurance Premium,6993.39,
10 Sep 2024,Online Course,3775.83,
10 Sep 2024,Maintenance Charges,2407.77,
11 Sep 2024,School Fees,7574.12,
11 Sep 2024,YouTube Premium,139.00,
11 Sep 2024,Zomato Food Delivery,833.92,
11 Sep 2024,ATM Withdrawal,516.26,
13 Sep 2024,Restaurant Dinner,2441.66,
14 Sep 2024,Travel Booking,13019.95,
15 Sep 2024,Refund Credit,,4499.05
16 Sep 2024,Reliance Fresh,1026.50,
16 Sep 2024,BigBasket Groceries,3573.64,
16 Sep 2024,Airtel Mobile Bill,439.20,
17 Sep 2024,Bonus Credit,,34908.07
18 Sep 2024,Petrol / Diesel,1120.02,
18 Sep 2024,Uber Ride,473.54,
18 Sep 2024,BigBasket Groceries,3344.70,
18 Sep 2024,Restaurant Dinner,796.25,
18 Sep 2024,Salary Credit,,77975.31
18 Sep 2024,DMart Purchase,3118.50,
20 Sep 2024,Hotel Stay,6294.84,
20 Sep 2024,Amazon Purchase,1029.57,
20 Sep 2024,Amazon Purchase,4187.45,
24 Sep 2024,PVR Cinemas,350.61,
26 Sep 2024,Hotel Stay,2744.83,
26 Sep 2024,Transfer Received,,7241.90
26 Sep 2024,Parking Charges,60.67,
26 Sep 2024,Rental Income,,6495.86
26 Sep 2024,Refund Credit,,3305.93
28 Sep 2024,Hair Salon,1356.75,
28 Sep 2024,Hotel Stay,5482.50,
29 Sep 2024,House Rent,24461.10,
29 Sep 2024,Rapido Bike Taxi,85.05,
29 Sep 2024,Maintenance Charges,1831.28,
29 Sep 2024,Gym Membership,2212.70,
29 Sep 2024,Travel Booking,13261.86,
30 Sep 2024,Gaming Recharge,1599.95,
30 Sep 2024,Bonus Credit,,43250.78
30 Sep 2024,Hotel Stay,2173.76,
30 Sep 2024,Spotify Premium,119.00,
01 Oct 2024,Gaming Recharge,54.69,
01 Oct 2024,Meesho Order,1063.95,
01 Oct 2024,Meesho Order,1333.86,
03 Oct 2024,YouTube Premium,139.00,
03 Oct 2024,Airtel Mobile Bill,769.15,
03 Oct 2024,Ajio Clothing,1689.81,
04 Oct 2024,Electricity Bill,4921.12,
05 Oct 2024,Myntra Fashion,3328.98,
05 Oct 2024,YouTube Premium,139.00,
05 Oct 2024,Newspaper Subscription,287.07,
06 Oct 2024,More Supermarket,217.14,
06 Oct 2024,Myntra Fashion,1980.39,
07 Oct 2024,Gym Membership,1577.12,
07 Oct 2024,Bonus Credit,,44136.48
08 Oct 2024,Ajio Clothing,2102.41,
09 Oct 2024,YouTube Premium,139.00,
09 Oct 2024,Meesho Order,1084.67,
09 Oct 2024,Swiggy Order,552.66,
10 Oct 2024,1mg Medicine Order,1380.76,
10 Oct 2024,Apollo Pharmacy,775.02,
10 Oct 2024,Gym Membership,2177.18,
19 Oct 2024,Uber Ride,261.21,
19 Oct 2024,Newspaper Subscription,184.78,
20 Oct 2024,House Rent,21576.53,
20 Oct 2024,Gym Membership,1768.22,
20 Oct 2024,Zomato Food Delivery,605.76,
22 Oct 2024,Spotify Premium,119.00,
22 Oct 2024,Transfer Received,,11139.68
23 Oct 2024,Reliance Fresh,1796.38,
24 Oct 2024,1mg Medicine Order,1231.26,
24 Oct 2024,Petrol / Diesel,3553.40,
24 Oct 2024,Hotel Stay,7214.91,
25 Oct 2024,1mg Medicine Order,228.10,
25 Oct 2024,Apollo Pharmacy,1757.25,
25 Oct 2024,Meesho Order,986.88,
25 Oct 2024,Insurance Premium,5642.55,
26 Oct 2024,Insurance Premium,7206.71,
27 Oct 2024,Interest Credit,,2387.32
27 Oct 2024,Amazon Purchase,2814.15,
28 Oct 2024,Spa Treatment,1171.61,
28 Oct 2024,Refund Credit,,1396.98
30 Oct 2024,Hotel Stay,9165.53,
30 Oct 2024,Amazon Prime,308.50,
30 Oct 2024,Spotify Premium,119.00,
31 Oct 2024,Transfer Received,,27440.25
31 Oct 2024,Flipkart Order,1202.70,
01 Nov 2024,Uber Ride,240.40,
02 Nov 2024,Online Course,2513.01,
03 Nov 2024,Netflix Subscription,354.60,
03 Nov 2024,Freelance Payment,,17842.14
03 Nov 2024,Salary Credit,,98314.84
03 Nov 2024,Doctor Consultation,667.84,
06 Nov 2024,Transfer Received,,41917.45
06 Nov 2024,Meesho Order,490.03,
06 Nov 2024,Rental Income,,9935.28
06 Nov 2024,Rapido Bike Taxi,172.08,
06 Nov 2024,Airtel Mobile Bill,406.08,
07 Nov 2024,BookMyShow Tickets,772.92,
07 Nov 2024,Gym Membership,1892.37,
07 Nov 2024,Uber Ride,164.39,
07 Nov 2024,Petrol / Diesel,1771.47,
07 Nov 2024,Gaming Recharge,1181.28,
07 Nov 2024,Hair Salon,790.25,
07 Nov 2024,Swiggy Order,250.54,
07 Nov 2024,UPI Received,,9312.98
08 Nov 2024,Hotel Stay,2589.68,
08 Nov 2024,Zomato Food Delivery,597.19,
08 Nov 2024,Interest Credit,,2142.46
10 Nov 2024,Hair Salon,854.85,
12 Nov 2024,Transfer Received,,25174.89
12 Nov 2024,Netflix Subscription,478.97,
12 Nov 2024,Bonus Credit,,49758.53
13 Nov 2024,School Fees,10413.59,
13 Nov 2024,Newspaper Subscription,242.59,
13 Nov 2024,Rapido Bike Taxi,142.86,
13 Nov 2024,Uber Ride,556.92,
13 Nov 2024,Zomato Food Delivery,807.42,
14 Nov 2024,Cashback Credit,,813.38
14 Nov 2024,Parking Charges,236.16,
14 Nov 2024,Apollo Pharmacy,698.01,
16 Nov 2024,Metro Card Recharge,456.14,
16 Nov 2024,Netflix Subscription,330.10,
17 Nov 2024,Petrol / Diesel,1567.41,
17 Nov 2024,Amazon Purchase,1011.23,
17 Nov 2024,Metro Card Recharge,583.75,
17 Nov 2024,Online Course,1531.27,
19 Nov 2024,UPI Received,,9311.69
20 Nov 2024,Water Bill,291.47,
21 Nov 2024,YouTube Premium,139.00,
21 Nov 2024,Freelance Payment,,11589.58
21 Nov 2024,Amazon Prime,782.29,
21 Nov 2024,Gym Membership,2010.86,
22 Nov 2024,Petrol / Diesel,1077.62,
22 Nov 2024,1mg Medicine Order,712.90,
22 Nov 2024,1mg Medicine Order,426.86,
22 Nov 2024,Electricity Bill,3322.03,
23 Nov 2024,YouTube Premium,139.00,
25 Nov 2024,Spotify Premium,119.00,
25 Nov 2024,House Rent,19110.52,
25 Nov 2024,Travel Booking,13944.04,
25 Nov 2024,DMart Purchase,936.37,
26 Nov 2024,Uber Ride,141.51,
26 Nov 2024,Uber Ride,472.98,
26 Nov 2024,Gym Membership,1495.53,
26 Nov 2024,Coffee Shop,190.57,
27 Nov 2024,Netflix Subscription,577.16,
27 Nov 2024,Apollo Pharmacy,1491.25,
28 Nov 2024,Gym Membership,2424.77,
28 Nov 2024,School Fees,4464.39,
28 Nov 2024,Coffee Shop,142.12,
29 Nov 2024,Cashback Credit,,246.35
29 Nov 2024,BigBasket Groceries,754.81,
29 Nov 2024,Electricity Bill,4968.78,
29 Nov 2024,Flipkart Order,1702.72,
29 Nov 2024,More Supermarket,615.15,
30 Nov 2024,Amazon Purchase,6570.93,
30 Nov 2024,Parking Charges,258.01,
30 Nov 2024,Dividend Credit,,5676.14
01 Dec 2024,Jio Recharge,417.62,
02 Dec 2024,Hotstar Subscription,657.26,
02 Dec 2024,Interest Credit,,848.92
02 Dec 2024,Uber Ride,549.44,
03 Dec 2024,Book Purchase,1196.55,
03 Dec 2024,Ajio Clothing,3371.78,
04 Dec 2024,Gaming Recharge,184.64,
04 Dec 2024,Hair Salon,1234.78,
04 Dec 2024,PVR Cinemas,286.50,
04 Dec 2024,Jio Recharge,341.87,
06 Dec 2024,Travel Booking,19578.35,
06 Dec 2024,Travel Booking,2686.66,
06 Dec 2024,Swiggy Order,462.03,
07 Dec 2024,ATM Withdrawal,3353.28,
07 Dec 2024,Hotel Stay,4071.19,
07 Dec 2024,Hotel Stay,5565.13,
08 Dec 2024,Maintenance Charges,1810.00,
08 Dec 2024,Petrol / Diesel,1800.84,
08 Dec 2024,Electricity Bill,3951.80,
08 Dec 2024,Book Purchase,848.20,
08 Dec 2024,Book Purchase,1492.09,
08 Dec 2024,Maintenance Charges,1624.29,
08 Dec 2024,Doctor Consultation,1742.17,
09 Dec 2024,Hotel Stay,3404.89,
09 Dec 2024,Spa Treatment,738.14,
10 Dec 2024,UPI Received,,9358.26
10 Dec 2024,Newspaper Subscription,221.40,
10 Dec 2024,Doctor Consultation,1916.94,
11 Dec 2024,Airtel Mobile Bill,389.57,
13 Dec 2024,1mg Medicine Order,226.75,
13 Dec 2024,Electricity Bill,1698.45,
13 Dec 2024,Travel Booking,10700.34,
13 Dec 2024,Petrol / Diesel,3131.05,
13 Dec 2024,Ajio Clothing,741.58,
13 Dec 2024,YouTube Premium,139.00,
13 Dec 2024,YouTube Premium,139.00,
14 Dec 2024,Electricity Bill,1206.83,
14 Dec 2024,Water Bill,505.97,
14 Dec 2024,Freelance Payment,,29729.98
15 Dec 2024,BigBasket Groceries,3099.89,
15 Dec 2024,PVR Cinemas,579.31,
15 Dec 2024,PVR Cinemas,312.47,
16 Dec 2024,DMart Purchase,3118.27,
16 Dec 2024,House Rent,24218.31,
17 Dec 2024,Transfer Received,,44335.30
17 Dec 2024,Cashback Credit,,613.81
18 Dec 2024,Amazon Prime,669.40,
18 Dec 2024,Uber Ride,328.15,
19 Dec 2024,PVR Cinemas,752.95,
20 Dec 2024,Electricity Bill,3842.31,
20 Dec 2024,YouTube Premium,139.00,
20 Dec 2024,Metro Card Recharge,746.73,
21 Dec 2024,Petrol / Diesel,1478.18,
22 Dec 2024,Online Course,2477.13,
22 Dec 2024,Book Purchase,330.64,
23 Dec 2024,Online Course,1069.86,
24 Dec 2024,YouTube Premium,139.00,
24 Dec 2024,Amazon Prime,552.75,
24 Dec 2024,Rental Income,,17009.96
25 Dec 2024,Refund Credit,,3087.46
25 Dec 2024,Myntra Fashion,1334.66,
26 Dec 2024,Swiggy Order,316.17,
26 Dec 2024,Myntra Fashion,3949.67,
27 Dec 2024,Hair Salon,265.94,
27 Dec 2024,Coffee Shop,256.29,
27 Dec 2024,Insurance Premium,2054.27,
30 Dec 2024,Ola Cab,205.33,
31 Dec 2024,Insurance Premium,1850.49,
01 Jan 2025,Metro Card Recharge,342.32,
02 Jan 2025,BigBasket Groceries,3394.08,
02 Jan 2025,PVR Cinemas,447.21,
03 Jan 2025,Water Bill,420.83,
03 Jan 2025,Doctor Consultation,497.80,
03 Jan 2025,Spa Treatment,738.25,
05 Jan 2025,Gym Membership,1071.37,
06 Jan 2025,Metro Card Recharge,644.52,
06 Jan 2025,Zomato Food Delivery,577.50,
07 Jan 2025,Swiggy Order,770.20,
09 Jan 2025,Book Purchase,400.28,
09 Jan 2025,Electricity Bill,1459.18,
10 Jan 2025,Rental Income,,19926.56
10 Jan 2025,Rental Income,,22155.23
11 Jan 2025,Myntra Fashion,1082.29,
12 Jan 2025,BigBasket Groceries,2487.08,
12 Jan 2025,Amazon Prime,936.33,
12 Jan 2025,Restaurant Dinner,810.14,
13 Jan 2025,Jio Recharge,565.76,
13 Jan 2025,Petrol / Diesel,1937.24,
13 Jan 2025,Reliance Fresh,1940.20,
13 Jan 2025,Hotstar Subscription,171.65,
14 Jan 2025,Netflix Subscription,526.69,
15 Jan 2025,ATM Withdrawal,1650.33,
16 Jan 2025,ATM Withdrawal,659.38,
16 Jan 2025,Coffee Shop,496.25,
17 Jan 2025,Ajio Clothing,2148.36,
17 Jan 2025,Hotel Stay,2785.00,
18 Jan 2025,Gaming Recharge,850.51,
19 Jan 2025,PVR Cinemas,269.91,
20 Jan 2025,Online Course,4266.42,
20 Jan 2025,DMart Purchase,982.57,
21 Jan 2025,Meesho Order,693.58,
21 Jan 2025,Ajio Clothing,2401.19,
22 Jan 2025,BigBasket Groceries,1152.57,
22 Jan 2025,Ajio Clothing,1613.55,
22 Jan 2025,Amazon Purchase,5592.85,
23 Jan 2025,Coffee Shop,227.30,
23 Jan 2025,Spotify Premium,119.00,
24 Jan 2025,DMart Purchase,671.96,
24 Jan 2025,School Fees,8460.22,
24 Jan 2025,Online Course,1050.99,
25 Jan 2025,Uber Ride,202.88,
25 Jan 2025,Hair Salon,928.48,
25 Jan 2025,Rapido Bike Taxi,130.95,
27 Jan 2025,Travel Booking,7210.55,
27 Jan 2025,Water Bill,591.03,
27 Jan 2025,Gaming Recharge,447.15,
27 Jan 2025,Dividend Credit,,14164.99
29 Jan 2025,Amazon Prime,380.98,
29 Jan 2025,Jio Recharge,426.98,
29 Jan 2025,Reliance Fresh,1324.95,
30 Jan 2025,School Fees,11721.48,
30 Jan 2025,School Fees,13855.58,
30 Jan 2025,1mg Medicine Order,90.48,
30 Jan 2025,Hotstar Subscription,694.30,
30 Jan 2025,PVR Cinemas,540.25,
31 Jan 2025,Hotstar Subscription,459.23,
01 Feb 2025,Cashback Credit,,152.03
01 Feb 2025,Uber Ride,194.97,
02 Feb 2025,Jio Recharge,262.15,
02 Feb 2025,Interest Credit,,1422.27
02 Feb 2025,Newspaper Subscription,198.19,
02 Feb 2025,Doctor Consultation,771.78,
02 Feb 2025,Swiggy Order,709.76,
04 Feb 2025,More Supermarket,1574.97,
05 Feb 2025,Dividend Credit,,8693.54
05 Feb 2025,DMart Purchase,2418.77,
06 Feb 2025,Hotstar Subscription,277.62,
06 Feb 2025,1mg Medicine Order,1169.25,
07 Feb 2025,PVR Cinemas,252.84,
07 Feb 2025,Dividend Credit,,6654.20
08 Feb 2025,School Fees,8585.64,
08 Feb 2025,Hotstar Subscription,397.89,
09 Feb 2025,Electricity Bill,3679.00,
10 Feb 2025,Meesho Order,1504.82,
10 Feb 2025,House Rent,12849.79,
11 Feb 2025,Zomato Food Delivery,351.63,
12 Feb 2025,Insurance Premium,5789.38,
12 Feb 2025,Water Bill,471.63,
12 Feb 2025,Travel Booking,10662.55,
14 Feb 2025,Petrol / Diesel,3219.09,
15 Feb 2025,Water Bill,702.96,
15 Feb 2025,House Rent,12948.33,
15 Feb 2025,Coffee Shop,128.96,
15 Feb 2025,UPI Received,,7737.03
16 Feb 2025,Swiggy Order,519.14,
16 Feb 2025,Petrol / Diesel,2675.12,
17 Feb 2025,BigBasket Groceries,3921.61,
18 Feb 2025,DMart Purchase,2520.82,
19 Feb 2025,BookMyShow Tickets,1218.52,
19 Feb 2025,Swiggy Order,105.28,
21 Feb 2025,Airtel Mobile Bill,612.48,
23 Feb 2025,Parking Charges,74.39,
24 Feb 2025,Bonus Credit,,48753.55
26 Feb 2025,BookMyShow Tickets,737.18,
27 Feb 2025,House Rent,10210.07,
27 Feb 2025,Spotify Premium,119.00,
28 Feb 2025,School Fees,2876.25,
28 Feb 2025,Online Course,2445.45,
01 Mar 2025,Restaurant Dinner,2593.37,
02 Mar 2025,Uber Ride,562.69,
02 Mar 2025,Uber Ride,234.72,
03 Mar 2025,Newspaper Subscription,275.35,
04 Mar 2025,Jio Recharge,464.41,
04 Mar 2025,Zomato Food Delivery,277.96,
05 Mar 2025,Apollo Pharmacy,169.76,
06 Mar 2025,Cashback Credit,,211.93
06 Mar 2025,Jio Recharge,352.32,
06 Mar 2025,Restaurant Dinner,2031.57,
07 Mar 2025,Hotstar Subscription,508.90,
08 Mar 2025,Metro Card Recharge,775.16,
08 Mar 2025,Online Course,1119.66,
08 Mar 2025,More Supermarket,1603.78,
10 Mar 2025,Newspaper Subscription,100.36,
10 Mar 2025,Uber Ride,225.19,
11 Mar 2025,Flipkart Order,3992.07,
12 Mar 2025,Transfer Received,,20290.96
13 Mar 2025,Jio Recharge,258.49,
13 Mar 2025,Electricity Bill,2668.45,
14 Mar 2025,Petrol / Diesel,3071.10,
14 Mar 2025,PVR Cinemas,438.24,
14 Mar 2025,Spa Treatment,2632.49,
14 Mar 2025,Swiggy Order,365.49,
15 Mar 2025,Netflix Subscription,499.28,
15 Mar 2025,Coffee Shop,365.60,
15 Mar 2025,Coffee Shop,114.00,
18 Mar 2025,UPI Received,,10813.67
20 Mar 2025,1mg Medicine Order,489.48,
21 Mar 2025,Amazon Purchase,7582.76,
22 Mar 2025,Water Bill,524.07,
23 Mar 2025,Metro Card Recharge,978.77,
23 Mar 2025,Bonus Credit,,17336.64
24 Mar 2025,Rapido Bike Taxi,109.26,
24 Mar 2025,Bonus Credit,,14191.76
25 Mar 2025,Book Purchase,833.36,
26 Mar 2025,Apollo Pharmacy,104.61,
26 Mar 2025,Flipkart Order,1645.13,
27 Mar 2025,Reliance Fresh,1516.33,
28 Mar 2025,Uber Ride,358.33,
28 Mar 2025,Parking Charges,151.47,
28 Mar 2025,School Fees,8101.95,
29 Mar 2025,Refund Credit,,3386.27
29 Mar 2025,Electricity Bill,3619.97,
29 Mar 2025,PVR Cinemas,591.14,
29 Mar 2025,Hotel Stay,2619.38,
31 Mar 2025,Amazon Prime,979.91,
31 Mar 2025,Meesho Order,1928.28,
